05028,"2859199,981","ΑΤΤΙΚΗΣ ΑΧΑΡΝΩΝ"
19094,"833368,393","ΘΕΣΣΑΛΟΝΙΚΗΣ ΠΕΡΑΙΑΣ"
31013,"71397,182","ΛΑΡΙΣΑΣ ΑΜΠΕΛΩΝΟΣ"
34019,"13811,45","ΛΕΥΚΑΔΑΣ ΚΑΡΙΩΤΩΝ"
01003,"18662,36","ΑΙΤΩΛΙΑΣ ΚΑΙ ΑΚΑΡΝΑΝΙΑΣ ΑΓΓΕΛΟΚΑΣΤΡΟΥ"
05087,"126903,992","ΑΤΤΙΚΗΣ ΜΑΡΑΘΩΝΟΣ"
44070,"70619,725","ΣΕΡΡΩΝ ΛΕΥΚΩΝΟΣ"
46023,"214066,572","ΦΘΙΩΤΙΔΑΣ ΑΤΑΛΑΝΤΗΣ"
38029,"903937,005","ΠΕΛΛΑΣ ΕΔΕΣΣΗΣ"
20023,"512482,1735","ΙΩΑΝΝΙΝΩΝ ΑΝΑΤΟΛΗΣ"
34026,"452122,983","ΛΕΥΚΑΔΑΣ ΛΕΥΚΑΔΟΣ"
05058,"1294023,8741","ΑΤΤΙΚΗΣ ΚΑΙΣΑΡΙΑΝΗΣ"
05052,"263875,437","ΑΤΤΙΚΗΣ ΖΕΦΥΡΙΟΥ"
29077,"21996,118","ΚΥΚΛΑΔΩΝ ΜΕΓΑΛΟΧΩΡΙΟΥ"
05006,"415409,364","ΑΤΤΙΚΗΣ ΑΓΙΟΥ ΣΤΕΦΑΝΟΥ"
21033,"2256,54","ΚΑΒΑΛΑΣ ΛΕΚΑΝΗΣ"
21071,"314071,364","ΚΑΒΑΛΑΣ ΧΡΥΣΟΥΠΟΛΕΩΣ"
23044,"69069,615","ΚΑΣΤΟΡΙΑΣ ΜΕΣΟΠΟΤΑΜΙΑΣ"
34033,"19199,54","ΛΕΥΚΑΔΑΣ ΠΛΑΤΥΣΤΟΜΩΝ"
01120,"851,98","ΑΙΤΩΛΙΑΣ ΚΑΙ ΑΚΑΡΝΑΝΙΑΣ ΛΥΣΙΜΑΧΕΙΑΣ"
35071,"168524,93","ΜΑΓΝΗΣΙΑΣ ΣΚΙΑΘΟΥ"
05123,"308138,342","ΑΤΤΙΚΗΣ ΠΙΚΕΡΜΙΟΥ"
25033,"7558,74","ΚΕΦΑΛΛΗΝΙΑΣ ΚΟΥΒΑΛΑΤΩΝ"
28018,"191174,688","ΚΟΡΙΝΘΙΑΣ ΒΡΑΧΑΤΙΟΥ"
05045,"651912,344","ΑΤΤΙΚΗΣ ΔΡΑΠΕΤΣΩΝΑΣ"
22009,"9436,17","ΚΑΡΔΙΤΣΑΣ ΑΓΝΑΝΤΕΡΟΥ"
05003,"3314661,0715","ΑΤΤΙΚΗΣ ΑΓΙΟΥ ΔΗΜΗΤΡΙΟΥ"
09014,"1935895,8777","ΔΡΑΜΑΣ ΔΡΑΜΑΣ"
16007,"13696,04","ΗΜΑΘΙΑΣ ΒΕΡΓΙΝΗΣ"
18026,"544863,934","ΘΕΣΠΡΩΤΙΑΣ ΗΓΟΥΜΕΝΙΤΣΗΣ"
25037,"157925,075","ΚΕΦΑΛΛΗΝΙΑΣ ΛΗΞΟΥΡΙΟΥ"
34031,"45223,01","ΛΕΥΚΑΔΑΣ ΝΥΔΡΙΟΥ"
05147,"4544004,6285","ΑΤΤΙΚΗΣ ΧΑΛΑΝΔΡΙΟΥ"
28017,"12344,224","ΚΟΡΙΝΘΙΑΣ ΒΟΧΑΪΚΟΥ"
05046,"482670,777","ΑΤΤΙΚΗΣ ΔΡΟΣΙΑΣ"
02054,"3099,94","ΑΡΓΟΛΙΔΑΣ ΝΕΟΥ ΡΟΕΙΝΟΥ"
21007,"60012,178","ΚΑΒΑΛΑΣ ΑΜΥΓΔΑΛΕΩΝΟΣ"
26059,"5419,82","ΚΙΛΚΙΣ ΠΕΥΚΟΔΑΣΟΥΣ"
19091,"816231,117","ΘΕΣΣΑΛΟΝΙΚΗΣ ΠΑΝΟΡΑΜΑΤΟΣ"
05033,"2048362,635","ΑΤΤΙΚΗΣ ΒΟΥΛΑΣ"
25018,"5566,97","ΚΕΦΑΛΛΗΝΙΑΣ ΔΙΛΙΝΑΤΩΝ"
47046,"452,25","ΦΛΩΡΙΝΑΣ ΛΕΥΚΩΝΟΣ"
13050,"990,97","ΕΥΡΥΤΑΝΙΑΣ ΜΟΥΖΙΛΟΥ"
05074,"188035,351","ΑΤΤΙΚΗΣ ΚΡΥΟΝΕΡΙΟΥ"
03225,"1828334,187","ΑΡΚΑΔΙΑΣ ΤΡΙΠΟΛΕΩΣ"
19043,"937252,7445","ΘΕΣΣΑΛΟΝΙΚΗΣ ΘΕΡΜΗΣ"
19114,"1467517,644","ΘΕΣΣΑΛΟΝΙΚΗΣ ΣΥΚΕΩΝ"
27005,"5092,382","ΚΟΖΑΝΗΣ ΑΓΙΟΥ ΧΡΙΣΤΟΦΟΡΟΥ"
47087,"38398,55","ΦΛΩΡΙΝΑΣ ΦΙΛΩΤΑ"
41050,"17659,85","ΡΕΘΥΜΝΗΣ ΕΠΙΣΚΟΠΗΣ (ΡΕΘΥΜΝΗΣ)"
01131,"599287,682","ΑΙΤΩΛΙΑΣ ΚΑΙ ΑΚΑΡΝΑΝΙΑΣ ΜΕΣΟΛΟΓΓΙΟΥ"
30104,"8506,55","ΛΑΚΩΝΙΑΣ ΜΥΣΤΡΑ"
21010,"2283,45","ΚΑΒΑΛΑΣ ΓΕΡΟΝΤΑ"
02037,"36900,59","ΑΡΓΟΛΙΔΑΣ ΚΟΥΤΣΟΠΟΔΙΟΥ"
19083,"277158,879","ΘΕΣΣΑΛΟΝΙΚΗΣ ΝΕΩΝ ΕΠΙΒΑΤΩΝ"
05092,"1323993,585","ΑΤΤΙΚΗΣ ΜΕΛΙΣΣΙΩΝ"
21002,"2937,81","ΚΑΒΑΛΑΣ ΑΓΙΑΣΜΑΤΟΣ"
23006,"6995,502","ΚΑΣΤΟΡΙΑΣ ΑΜΠΕΛΟΚΗΠΩΝ"
34005,"53701,164","ΛΕΥΚΑΔΑΣ ΑΛΕΞΑΝΔΡΟΥ"
33009,"55922,45","ΛΕΣΒΟΥ ΑΛΥΦΑΝΤΩΝ"
02036,"2375,16","ΑΡΓΟΛΙΔΑΣ ΚΟΥΡΤΑΚΙΟΥ"
05088,"912875,937","ΑΤΤΙΚΗΣ ΜΑΡΚΟΠΟΥΛΟΥ ΜΕΣΟΓΑΙΑΣ"
05104,"4438777,2795","ΑΤΤΙΚΗΣ ΝΕΑΣ ΣΜΥΡΝΗΣ"
05148,"2007696,392","ΑΤΤΙΚΗΣ ΧΟΛΑΡΓΟΥ"
05054,"3781616,198","ΑΤΤΙΚΗΣ ΗΛΙΟΥΠΟΛΕΩΣ"
23040,"30781,43","ΚΑΣΤΟΡΙΑΣ ΜΑΥΡΟΧΩΡΙΟΥ"
04029,"9312,41","ΑΡΤΑΣ ΚΑΜΠΗΣ"
07057,"7526,43","ΒΟΙΩΤΙΑΣ ΠΑΥΛΟΥ"
02012,"22769,417","ΑΡΓΟΛΙΔΑΣ ΑΣΙΝΗΣ"
19044,"19539486,5524","ΘΕΣΣΑΛΟΝΙΚΗΣ ΘΕΣΣΑΛΟΝΙΚΗΣ"
05101,"581230,9","ΑΤΤΙΚΗΣ ΝΕΑΣ ΜΑΚΡΗΣ"
34006,"22210,14","ΛΕΥΚΑΔΑΣ ΑΠΟΛΠΑΙΝΗΣ"
23025,"1024344,8548","ΚΑΣΤΟΡΙΑΣ ΚΑΣΤΟΡΙΑΣ"
12035,"302928,039","ΕΥΒΟΙΑΣ ΒΑΣΙΛΙΚΟΥ"
40016,"32004,603","ΠΡΕΒΕΖΑΣ ΘΕΣΠΡΩΤΙΚΟΥ"
33066,"26696,02","ΛΕΣΒΟΥ ΠΑΝΑΓΙΟΥΔΑΣ"
49057,"443764,264","ΧΑΛΚΙΔΙΚΗΣ ΠΟΛΥΓΥΡΟΥ"
05056,"334296,049","ΑΤΤΙΚΗΣ ΘΡΑΚΟΜΑΚΕΔΟΝΩΝ"
30008,"5264,38","ΛΑΚΩΝΙΑΣ ΑΓΙΟΥ ΙΩΑΝΝΟΥ (ΛΑΚΕΔΑΙΜΟΝΟΣ)"
21014,"159,21","ΚΑΒΑΛΑΣ ΔΥΣΒΑΤΟΥ"
21055,"3896,35","ΚΑΒΑΛΑΣ ΠΕΤΡΟΠΗΓΗΣ"
37020,"50772,492","ΞΑΝΘΗΣ ΜΑΓΙΚΟΥ"
16057,"6379,212","ΗΜΑΘΙΑΣ ΤΡΙΠΟΤΑΜΟΥ"
42002,"10673,19","ΡΟΔΟΠΗΣ ΑΙΓΕΙΡΟΥ"
05036,"2824664,34","ΑΤΤΙΚΗΣ ΒΥΡΩΝΟΣ"
26063,"553,48","ΚΙΛΚΙΣ ΠΟΛΥΠΕΤΡΟΥ"
18081,"9042,8","ΘΕΣΠΡΩΤΙΑΣ ΣΑΓΙΑΔΑΣ"
30128,"160391,683","ΛΑΚΩΝΙΑΣ ΣΚΑΛΑΣ"
19069,"629328,588","ΘΕΣΣΑΛΟΝΙΚΗΣ ΜΕΝΕΜΕΝΗΣ"
04060,"656,55","ΑΡΤΑΣ ΠΑΝΤΑΝΑΣΗΣ (ΠΑΝΤΑΝΑΣΣΗΣ)"
48003,"677,04","ΦΩΚΙΔΑΣ ΑΓΙΟΥ ΓΕΩΡΓΙΟΥ"
51011,"22069,854","ΧΙΟΥ ΙΩΝΙΑΣ"
05050,"964162,583","ΑΤΤΙΚΗΣ ΕΛΛΗΝΙΚΟΥ"
05086,"399633,878","ΑΤΤΙΚΗΣ ΜΑΝΔΡΑΣ"
21009,"7349,343","ΚΑΒΑΛΑΣ ΑΥΛΗΣ"
50150,"2743447,168","ΧΑΝΙΩΝ ΧΑΝΙΩΝ"
04063,"119331,405","ΑΡΤΑΣ ΠΕΤΑ"
21047,"6977,4","ΚΑΒΑΛΑΣ ΞΕΡΙΑ"
19074,"1184028,9995","ΘΕΣΣΑΛΟΝΙΚΗΣ ΝΕΑΠΟΛΕΩΣ"
12054,"128274,36","ΕΥΒΟΙΑΣ ΔΡΟΣΙΑΣ"
50089,"210083,734","ΧΑΝΙΩΝ ΜΟΥΡΝΙΩΝ"
33094,"4717,35","ΛΕΣΒΟΥ ΤΑΞΙΑΡΧΩΝ"
47013,"126,92","ΦΛΩΡΙΝΑΣ ΑΝΤΑΡΤΙΚΟΥ"
21044,"53344,678","ΚΑΒΑΛΑΣ ΝΕΑΣ ΚΑΡΒΑΛΗΣ"
21065,"1952,635","ΚΑΒΑΛΑΣ ΣΙΔΗΡΟΧΩΡΙΟΥ"
29015,"49003,1","ΚΥΚΛΑΔΩΝ ΑΝΩ ΣΥΡΟΥ"
35057,"183547,439","ΜΑΓΝΗΣΙΑΣ ΝΕΑΣ ΑΓΧΙΑΛΟΥ"
07036,"15244,91","ΒΟΙΩΤΙΑΣ ΚΑΣΤΡΟΥ"
21030,"23562,57","ΚΑΒΑΛΑΣ ΚΟΚΚΙΝΟΧΩΜΑΤΟΣ"
21015,"4377,98","ΚΑΒΑΛΑΣ ΔΩΜΑΤΙΩΝ"
21051,"22855,165","ΚΑΒΑΛΑΣ ΠΑΛΑΙΟΧΩΡΙΟΥ"
05038,"2880328,196","ΑΤΤΙΚΗΣ ΓΑΛΑΤΣΙΟΥ"
13036,"1824,43","ΕΥΡΥΤΑΝΙΑΣ ΚΛΑΥΣΙΟΥ"
48077,"2363,09","ΦΩΚΙΔΑΣ ΣΕΡΝΙΚΑΚΙΟΥ"
22051,"1703,42","ΚΑΡΔΙΤΣΑΣ ΚΑΛΟΓΡΙΑΝΩΝ"
05135,"76931,277","ΑΤΤΙΚΗΣ ΣΤΑΜΑΤΑΣ"
36104,"2482,72","ΜΕΣΣΗΝΙΑΣ ΚΑΡΤΕΡΟΛΙΟΥ"
21022,"12938,448","ΚΑΒΑΛΑΣ ΖΥΓΟΥ"
26011,"8233,76","ΚΙΛΚΙΣ ΑΣΠΡΟΥ"
45125,"29300,27","ΤΡΙΚΑΛΩΝ ΣΕΡΒΩΤΩΝ"
19003,"128880,752","ΘΕΣΣΑΛΟΝΙΚΗΣ ΑΓΙΑΣ ΤΡΙΑΔΟΣ"
31032,"289706,486","ΛΑΡΙΣΑΣ ΓΙΑΝΝΟΥΛΗΣ"
02039,"6048,742","ΑΡΓΟΛΙΔΑΣ ΛΑΛΟΥΚΑ"
21019,"8392,89","ΚΑΒΑΛΑΣ ΕΛΕΥΘΕΡΩΝ"
05069,"3493332,059","ΑΤΤΙΚΗΣ ΚΗΦΙΣΙΑΣ"
05111,"479077,189","ΑΤΤΙΚΗΣ ΠΑΙΑΝΙΑΣ"
48042,"76761,145","ΦΩΚΙΔΑΣ ΚΙΡΡΑΣ"
33053,"33420,55","ΛΕΣΒΟΥ ΜΟΡΙΑΣ"
05117,"186922,038","ΑΤΤΙΚΗΣ ΠΕΝΤΕΛΗΣ"
21042,"5900,9","ΚΑΒΑΛΑΣ ΜΥΡΤΟΦΥΤΟΥ"
21069,"8334,06","ΚΑΒΑΛΑΣ ΧΑΛΚΕΡΟΥ"
45130,"2575854,3","ΤΡΙΚΑΛΩΝ ΤΡΙΚΚΑΙΩΝ"
45103,"1023,19","ΤΡΙΚΑΛΩΝ ΠΑΤΟΥΛΙΑΣ"
34020,"23714,08","ΛΕΥΚΑΔΑΣ ΚΑΡΥΑΣ"
01021,"109139,124","ΑΙΤΩΛΙΑΣ ΚΑΙ ΑΚΑΡΝΑΝΙΑΣ ΑΙΤΩΛΙΚΟΥ"
05020,"772819,986","ΑΤΤΙΚΗΣ ΑΝΩ ΛΙΟΣΙΩΝ"
48009,"335068,855","ΦΩΚΙΔΑΣ ΑΜΦΙΣΣΗΣ"
05105,"1300611,596","ΑΤΤΙΚΗΣ ΝΕΑΣ ΦΙΛΑΔΕΛΦΕΙΑΣ"
26062,"231239,91","ΚΙΛΚΙΣ ΠΟΛΥΚΑΣΤΡΟΥ"
46007,"183346,325","ΦΘΙΩΤΙΔΑΣ ΑΓΙΟΥ ΚΩΝΣΤΑΝΤΙΝΟΥ"
28055,"1510094,509","ΚΟΡΙΝΘΙΑΣ ΚΟΡΙΝΘΟΥ"
24046,"147565,215","ΚΕΡΚΥΡΑΣ ΚΑΝΑΛΙΟΥ"
43040,"201229,662","ΣΑΜΟΥ ΣΑΜΙΩΝ"
36173,"5206,98","ΜΕΣΣΗΝΙΑΣ ΜΙΚΡΟΜΑΝΗΣ"
05075,"869978,458","ΑΤΤΙΚΗΣ ΚΡΩΠΙΑΣ"
21032,"7351,79","ΚΑΒΑΛΑΣ ΚΡΥΟΝΕΡΙΟΥ"
21017,"381,69","ΚΑΒΑΛΑΣ ΕΛΑΦΟΧΩΡΙΟΥ"
15149,"46081,86","ΗΛΕΙΑΣ ΝΕΑΣ ΜΑΝΟΛΑΔΟΣ"
15135,"21480,48","ΗΛΕΙΑΣ ΜΑΝΟΛΑΔΟΣ"
34008,"719,72","ΛΕΥΚΑΔΑΣ ΒΑΥΚΕΡΗΣ"
01011,"751,3","ΑΙΤΩΛΙΑΣ ΚΑΙ ΑΚΑΡΝΑΝΙΑΣ ΑΓΙΟΥ ΗΛΙΑ"
50074,"254722,246","ΧΑΝΙΩΝ ΚΟΥΝΟΥΠΙΔΙΑΝΩΝ"
02053,"3690,79","ΑΡΓΟΛΙΔΑΣ ΝΕΟΥ ΗΡΑΙΟΥ"
03169,"203208,348","ΑΡΚΑΔΙΑΣ ΠΑΡΑΛΙΟΥ ΑΣΤΡΟΥΣ"
46174,"13730,75","ΦΘΙΩΤΙΔΑΣ ΤΡΑΓΑΝΑΣ"
24011,"166762,8625","ΚΕΡΚΥΡΑΣ ΑΛΕΠΟΥΣ"
16008,"2397215,636","ΗΜΑΘΙΑΣ ΒΕΡΟΙΑΣ"
26026,"13748,96","ΚΙΛΚΙΣ ΕΥΡΩΠΟΥ"
40048,"1791,56","ΠΡΕΒΕΖΑΣ ΠΕΤΡΑΣ"
29044,"114438,51","ΚΥΚΛΑΔΩΝ ΕΠΙΣΚΟΠΗΣ ΓΩΝΙΑ"
07055,"140100,475","ΒΟΙΩΤΙΑΣ ΟΡΧΟΜΕΝΟΥ"
21058,"3194,48","ΚΑΒΑΛΑΣ ΠΛΑΤΑΝΟΤΟΠΟΥ"
27057,"2132528,011","ΚΟΖΑΝΗΣ ΚΟΖΑΝΗΣ"
16041,"3972,25","ΗΜΑΘΙΑΣ ΠΑΛΑΤΙΤΣΙΩΝ"
14022,"14720,645","ΖΑΚΥΝΘΟΥ ΚΑΛΑΜΑΚΙΟΥ"
21068,"3996,25","ΚΑΒΑΛΑΣ ΦΩΛΕΑΣ"
46155,"183,46","ΦΘΙΩΤΙΔΑΣ ΠΡΟΣΚΥΝΑ"
26010,"4594,3","ΚΙΛΚΙΣ ΑΞΙΟΧΩΡΙΟΥ"
21045,"6541,315","ΚΑΒΑΛΑΣ ΝΕΑΣ ΚΑΡΥΑΣ"
02064,"119514,102","ΑΡΓΟΛΙΔΑΣ ΤΟΛΟΥ"
41012,"35133,98","ΡΕΘΥΜΝΗΣ ΑΔΕΛΕ"
05145,"75797,532","ΑΤΤΙΚΗΣ ΦΥΛΗΣ"
21011,"5360,47","ΚΑΒΑΛΑΣ ΓΡΑΒΟΥΝΗΣ"
05035,"1916455,055","ΑΤΤΙΚΗΣ ΒΡΙΛΗΣΙΩΝ"
37009,"1430,83","ΞΑΝΘΗΣ ΕΡΑΣΜΙΟΥ"
33056,"1229680,105","ΛΕΣΒΟΥ ΜΥΤΙΛΗΝΗΣ"
21003,"3458,322","ΚΑΒΑΛΑΣ ΑΓΙΟΥ ΑΝΔΡΕΟΥ"
21001,"311,46","ΚΑΒΑΛΑΣ ΑΒΡΑΜΥΛΙΑΣ"
34036,"13821,57","ΛΕΥΚΑΔΑΣ ΣΦΑΚΙΩΤΩΝ"
47089,"866203,596","ΦΛΩΡΙΝΑΣ ΦΛΩΡΙΝΗΣ"
29061,"18777,35","ΚΥΚΛΑΔΩΝ ΚΙΜΩΛΟΥ"
10071,"36286,405","ΔΩΔΕΚΑΝΗΣΟΥ ΣΥΜΗΣ"
02025,"2420,1","ΑΡΓΟΛΙΔΑΣ ΗΡΑΣ"
05115,"924179,635","ΑΤΤΙΚΗΣ ΠΑΠΑΓΟΥ"
36074,"2311,76","ΜΕΣΣΗΝΙΑΣ ΕΛΑΙΟΧΩΡΙΟΥ"
21016,"8880,9","ΚΑΒΑΛΑΣ ΕΛΑΙΟΧΩΡΙΟΥ"
37029,"7622,11","ΞΑΝΘΗΣ ΠΗΓΑΔΙΩΝ"
19099,"458756,5095","ΘΕΣΣΑΛΟΝΙΚΗΣ ΠΕΥΚΩΝ"
37019,"1911,48","ΞΑΝΘΗΣ ΜΑΓΓΑΝΩΝ"
14014,"20671,92","ΖΑΚΥΝΘΟΥ ΒΑΣΙΛΙΚΟΥ"
21054,"7341,81","ΚΑΒΑΛΑΣ ΠΕΡΝΗΣ"
41111,"1700200,466","ΡΕΘΥΜΝΗΣ ΡΕΘΥΜΝΗΣ"
34037,"8455,345","ΛΕΥΚΑΔΑΣ ΤΣΟΥΚΑΛΑΔΩΝ"
19117,"443329,869","ΘΕΣΣΑΛΟΝΙΚΗΣ ΤΡΙΑΝΔΡΙΑΣ"
19125,"1090625,127","ΘΕΣΣΑΛΟΝΙΚΗΣ ΩΡΑΙΟΚΑΣΤΡΟΥ"
41129,"4674,75","ΡΕΘΥΜΝΗΣ ΧΡΟΜΟΝΑΣΤΗΡΙΟΥ"
50134,"144242,801","ΧΑΝΙΩΝ ΣΟΥΔΑΣ"
21050,"525,07","ΚΑΒΑΛΑΣ ΠΑΛΑΙΑΣ ΚΑΒΑΛΑΣ"
31154,"42256,915","ΛΑΡΙΣΑΣ ΦΑΛΑΝΝΗΣ"
30088,"967,57","ΛΑΚΩΝΙΑΣ ΛΑΓΙΟΥ"
19101,"1212617,072","ΘΕΣΣΑΛΟΝΙΚΗΣ ΠΟΛΙΧΝΗΣ"
29113,"33240,26","ΚΥΚΛΑΔΩΝ ΦΟΙΝΙΚΟΣ"
41041,"12828,21","ΡΕΘΥΜΝΗΣ ΓΕΡΑΝΙΟΥ"
49069,"61184,1865","ΧΑΛΚΙΔΙΚΗΣ ΣΥΚΕΑΣ"
28046,"40582,815","ΚΟΡΙΝΘΙΑΣ ΚΑΤΩ ΑΣΣΟΥ"
32019,"144122,063","ΛΑΣΙΘΙΟΥ ΕΛΟΥΝΤΑΣ"
05096,"1445892,8","ΑΤΤΙΚΗΣ ΜΟΣΧΑΤΟΥ"
02007,"6549,88","ΑΡΓΟΛΙΔΑΣ ΑΝΥΦΙΟΥ"
30096,"27058,33","ΛΑΚΩΝΙΑΣ ΜΑΓΟΥΛΑΣ"
37007,"61064,34","ΞΑΝΘΗΣ ΔΙΟΜΗΔΕΙΑΣ"
05002,"3664337,703","ΑΤΤΙΚΗΣ ΑΓΙΑΣ ΠΑΡΑΣΚΕΥΗΣ"
25017,"1965,68","ΚΕΦΑΛΛΗΝΙΑΣ ΔΑΥΓΑΤΩΝ"
05099,"1180973,155","ΑΤΤΙΚΗΣ ΝΕΑΣ ΕΡΥΘΡΑΙΑΣ"
29116,"3953,54","ΚΥΚΛΑΔΩΝ ΧΡΟΥΣΩΝ"
33062,"3911,64","ΛΕΣΒΟΥ ΠΑΛΑΙΟΚΗΠΟΥ"
19045,"554292,382","ΘΕΣΣΑΛΟΝΙΚΗΣ ΠΡΩΗΝ ΙΩΝΙΑΣ (ΝΕΑ ΜΑΓΝΗΣΙΑ ΚΑΙ ΔΙΑΒΑΤΑ)"
02040,"15333,161","ΑΡΓΟΛΙΔΑΣ ΛΕΥΚΑΚΙΩΝ"
03144,"7634,548","ΑΡΚΑΔΙΑΣ ΜΕΡΚΟΒΟΥΝΙΟΥ"
36160,"6947,29","ΜΕΣΣΗΝΙΑΣ ΜΑΥΡΟΜΜΑΤΙΟΥ ΠΑΜΙΣΟΥ"
12162,"2728210,9385","ΕΥΒΟΙΑΣ ΧΑΛΚΙΔΕΩΝ"
26048,"468,5","ΚΙΛΚΙΣ ΜΕΣΙΑΣ"
33070,"3984,22","ΛΕΣΒΟΥ ΠΕΡΑΜΑΤΟΣ"
41114,"9413,662","ΡΕΘΥΜΝΗΣ ΡΟΥΣΣΟΣΠΙΤΙΟΥ"
32008,"582072,642","ΛΑΣΙΘΙΟΥ ΑΓΙΟΥ ΝΙΚΟΛΑΟΥ"
21035,"412,3","ΚΑΒΑΛΑΣ ΛΙΜΝΙΩΝ"
29018,"38225,135","ΚΥΚΛΑΔΩΝ ΑΠΟΛΛΩΝΙΑΣ"
33074,"1981,83","ΛΕΣΒΟΥ ΠΛΑΚΑΔΟΥ"
49063,"50736,762","ΧΑΛΚΙΔΙΚΗΣ ΣΑΡΤΗΣ"
05017,"41816,905","ΑΤΤΙΚΗΣ ΑΝΘΟΥΣΗΣ"
05122,"1121347,109","ΑΤΤΙΚΗΣ ΠΕΥΚΗΣ"
19104,"1768621,2778","ΘΕΣΣΑΛΟΝΙΚΗΣ ΠΥΛΑΙΑΣ"
20119,"3845692,036","ΙΩΑΝΝΙΝΩΝ ΙΩΑΝΝΙΤΩΝ"
05001,"1038940,233","ΑΤΤΙΚΗΣ ΑΓΙΑΣ ΒΑΡΒΑΡΑΣ"
23051,"9509,962","ΚΑΣΤΟΡΙΑΣ ΠΟΛΥΚΑΡΠΗΣ"
19036,"55181,05","ΘΕΣΣΑΛΟΝΙΚΗΣ ΕΞΟΧΗΣ"
29024,"78283,56","ΚΥΚΛΑΔΩΝ ΒΑΡΗΣ"
05044,"325386,778","ΑΤΤΙΚΗΣ ΔΙΟΝΥΣΟΥ"
02017,"13943,37","ΑΡΓΟΛΙΔΑΣ ΔΑΛΑΜΑΝΑΡΑΣ"
29033,"19560,73","ΚΥΚΛΑΔΩΝ ΓΑΛΗΣΣΑ"
13046,"17594,45","ΕΥΡΥΤΑΝΙΑΣ ΜΕΓΑΛΟΥ ΧΩΡΙΟΥ"
19012,"1897,26","ΘΕΣΣΑΛΟΝΙΚΗΣ ΑΝΑΛΗΨΕΩΣ"
05114,"963520,941","ΑΤΤΙΚΗΣ ΠΑΛΛΗΝΗΣ"
05083,"484201,28","ΑΤΤΙΚΗΣ ΛΥΚΟΒΡΥΣΕΩΣ"
16001,"21562,78","ΗΜΑΘΙΑΣ ΑΓΙΑΣ ΒΑΡΒΑΡΑΣ"
37001,"1168,1","ΞΑΝΘΗΣ ΑΒΑΤΟΥ"
18095,"103957,7375","ΘΕΣΠΡΩΤΙΑΣ ΦΙΛΙΑΤΩΝ"
47011,"179920,278","ΦΛΩΡΙΝΑΣ ΑΜΥΝΤΑΙΟΥ"
23007,"279048,587","ΚΑΣΤΟΡΙΑΣ ΑΡΓΟΥΣ ΟΡΕΣΤΙΚΟΥ"
19018,"196682,74","ΘΕΣΣΑΛΟΝΙΚΗΣ ΑΣΒΕΣΤΟΧΩΡΙΟΥ"
30048,"203943,91","ΛΑΚΩΝΙΑΣ ΓΥΘΕΙΟΥ"
02001,"16527,681","ΑΡΓΟΛΙΔΑΣ ΑΓΙΟΥ ΑΔΡΙΑΝΟΥ"
02027,"8443,8","ΑΡΓΟΛΙΔΑΣ ΙΝΑΧΟΥ"
21006,"17370,36","ΚΑΒΑΛΑΣ ΑΜΙΣΙΑΝΩΝ"
40061,"236191,0685","ΠΡΕΒΕΖΑΣ ΦΙΛΙΠΠΙΑΔΟΣ"
19047,"4412085,6511","ΘΕΣΣΑΛΟΝΙΚΗΣ ΚΑΛΑΜΑΡΙΑΣ"
06167,"9280874,9375","ΑΧΑΙΑΣ ΠΑΤΡΕΩΝ"
05121,"2605969,033","ΑΤΤΙΚΗΣ ΠΕΤΡΟΥΠΟΛΕΩΣ"
47022,"910,42","ΦΛΩΡΙΝΑΣ ΒΑΛΤΟΝΕΡΩΝ"
47065,"999,79","ΦΛΩΡΙΝΑΣ ΠΕΔΙΝΟΥ"
41026,"5013,87","ΡΕΘΥΜΝΗΣ ΑΡΓΥΡΟΥΠΟΛΕΩΣ"
41028,"9647,11","ΡΕΘΥΜΝΗΣ ΑΡΜΕΝΩΝ"
20139,"143987,59","ΙΩΑΝΝΙΝΩΝ ΚΑΤΣΙΚΑ"
29042,"151978,35","ΚΥΚΛΑΔΩΝ ΕΜΠΟΡΕΙΟΥ"
19073,"263,43","ΘΕΣΣΑΛΟΝΙΚΗΣ ΜΟΔΙΟΥ"
21057,"726,15","ΚΑΒΑΛΑΣ ΠΛΑΤΑΜΩΝΟΣ"
45027,"2715,49","ΤΡΙΚΑΛΩΝ ΓΛΙΝΟΥ"
21018,"141009,673","ΚΑΒΑΛΑΣ ΕΛΕΥΘΕΡΟΥΠΟΛΕΩΣ"
26003,"8095,19","ΚΙΛΚΙΣ ΑΓΙΟΥ ΠΕΤΡΟΥ"
02060,"7564,44","ΑΡΓΟΛΙΔΑΣ ΣΚΑΦΙΔΑΚΙΟΥ"
29022,"6444,25","ΚΥΚΛΑΔΩΝ ΑΡΤΕΜΩΝΟΣ"
01058,"6075,99","ΑΙΤΩΛΙΑΣ ΚΑΙ ΑΚΑΡΝΑΝΙΑΣ ΓΟΥΡΙΑΣ"
29098,"21645,66","ΚΥΚΛΑΔΩΝ ΠΥΡΓΟΥ ΚΑΛΛΙΣΤΗΣ"
28034,"60761,13","ΚΟΡΙΝΘΙΑΣ ΖΕΥΓΟΛΑΤΕΙΟΥ"
05034,"420147,765","ΑΤΤΙΚΗΣ ΒΟΥΛΙΑΓΜΕΝΗΣ"
09016,"70816,848","ΔΡΑΜΑΣ ΚΑΛΑΜΠΑΚΙΟΥ"
05068,"3759062,38","ΑΤΤΙΚΗΣ ΚΕΡΑΤΣΙΝΙΟΥ"
21027,"128253,316","ΚΑΒΑΛΑΣ ΚΕΡΑΜΩΤΗΣ"
19007,"265250,525","ΘΕΣΣΑΛΟΝΙΚΗΣ ΑΓΙΟΥ ΠΑΥΛΟΥ"
10060,"58640,46","ΔΩΔΕΚΑΝΗΣΟΥ ΠΑΤΜΟΥ"
36084,"17467,703","ΜΕΣΣΗΝΙΑΣ ΘΟΥΡΙΑΣ"
12012,"35663,671","ΕΥΒΟΙΑΣ ΑΓΙΟΥ ΝΙΚΟΛΑΟΥ"
40058,"4568,26","ΠΡΕΒΕΖΑΣ ΣΤΕΦΑΝΗΣ"
21070,"1292,48","ΚΑΒΑΛΑΣ ΧΡΥΣΟΚΑΣΤΡΟΥ"
21049,"33355,214","ΚΑΒΑΛΑΣ ΠΑΓΓΑΙΟΥ"
05007,"1490632,009","ΑΤΤΙΚΗΣ ΑΓΙΩΝ ΑΝΑΡΓΥΡΩΝ"
04014,"7114,69","ΑΡΤΑΣ ΒΛΑΧΕΡΝΗΣ"
31018,"5254,18","ΛΑΡΙΣΑΣ ΑΡΓΥΡΟΠΟΥΛΕΙΟΥ"
48091,"13653,74","ΦΩΚΙΔΑΣ ΧΡΙΣΣΟΥ"
05102,"277436,372","ΑΤΤΙΚΗΣ ΝΕΑΣ ΠΕΝΤΕΛΗΣ"
33045,"17973,898","ΛΕΣΒΟΥ ΛΟΥΤΡΩΝ"
19039,"573729,638","ΘΕΣΣΑΛΟΝΙΚΗΣ ΕΥΚΑΡΠΙΑΣ"
02052,"20253,92","ΑΡΓΟΛΙΔΑΣ ΝΕΑΣ ΤΙΡΥΝΘΟΣ"
19111,"1762828,795","ΘΕΣΣΑΛΟΝΙΚΗΣ ΣΤΑΥΡΟΥΠΟΛΕΩΣ"
19081,"118534,548","ΘΕΣΣΑΛΟΝΙΚΗΣ ΝΕΟΥ ΡΥΣΙΟΥ"
19040,"2713892,723","ΘΕΣΣΑΛΟΝΙΚΗΣ ΕΥΟΣΜΟΥ"
21046,"282726,321","ΚΑΒΑΛΑΣ ΝΕΑΣ ΠΕΡΑΜΟΥ"
42022,"15516,23","ΡΟΔΟΠΗΣ ΜΕΣΗΣ (ΠΑΓΟΥΡΙΩΝ)"
05049,"1086786,01","ΑΤΤΙΚΗΣ ΕΛΕΥΣΙΝΟΣ"
05107,"800608,221","ΑΤΤΙΚΗΣ ΝΕΟΥ ΨΥΧΙΚΟΥ"
01072,"3549,23","ΑΙΤΩΛΙΑΣ ΚΑΙ ΑΚΑΡΝΑΝΙΑΣ ΕΛΛΗΝΙΚΩΝ"
02034,"41224,47","ΑΡΓΟΛΙΔΑΣ ΚΙΒΕΡΙΟΥ"
03054,"6577,7776","ΑΡΚΑΔΙΑΣ ΔΟΛΙΑΝΩΝ"
04010,"1244211,95","ΑΡΤΑΣ ΑΡΤΑΙΩΝ"
51040,"1064857,256","ΧΙΟΥ ΧΙΟΥ"
05053,"3658694,641","ΑΤΤΙΚΗΣ ΖΩΓΡΑΦΟΥ"
33067,"11388,83","ΛΕΣΒΟΥ ΠΑΠΠΑΔΟΥ"
05015,"79431,85","ΑΤΤΙΚΗΣ ΑΜΠΕΛΑΚΙΩΝ"
05018,"246229,543","ΑΤΤΙΚΗΣ ΑΝΟΙΞΕΩΣ"
21040,"4167,24","ΚΑΒΑΛΑΣ ΜΕΣΟΡΟΠΗΣ"
21048,"183890,23","ΚΑΒΑΛΑΣ ΟΡΦΑΝΟΥ"
21008,"8602,21","ΚΑΒΑΛΑΣ ΑΝΤΙΦΙΛΙΠΠΩΝ"
37015,"41468,81","ΞΑΝΘΗΣ ΚΙΜΜΕΡΙΩΝ"
26066,"3178,92","ΚΙΛΚΙΣ ΡΥΖΙΩΝ"
30134,"1231133,887","ΛΑΚΩΝΙΑΣ ΣΠΑΡΤΙΑΤΩΝ"
47044,"3663,575","ΦΛΩΡΙΝΑΣ ΛΕΒΑΙΑΣ"
14021,"333419,997","ΖΑΚΥΝΘΟΥ ΖΑΚΥΝΘΙΩΝ"
36166,"306296,705","ΜΕΣΣΗΝΙΑΣ ΜΕΣΣΗΝΗΣ"
01212,"9164,531","ΑΙΤΩΛΙΑΣ ΚΑΙ ΑΚΑΡΝΑΝΙΑΣ ΧΡΥΣΟΒΕΡΓΙΟΥ"
05142,"609788,1315","ΑΤΤΙΚΗΣ ΦΙΛΟΘΕΗΣ"
05133,"350548,584","ΑΤΤΙΚΗΣ ΣΠΑΤΩΝ-ΛΟΥΤΣΑΣ"
48032,"326483,6245","ΦΩΚΙΔΑΣ ΙΤΕΑΣ"
05025,"789728,102","ΑΤΤΙΚΗΣ ΑΣΠΡΟΠΥΡΓΟΥ"
36044,"43790,03","ΜΕΣΣΗΝΙΑΣ ΑΣΠΡΟΧΩΜΑΤΟΣ"
05022,"1690056,655","ΑΤΤΙΚΗΣ ΑΡΓΥΡΟΥΠΟΛΕΩΣ"
22002,"853,56","ΚΑΡΔΙΤΣΑΣ ΑΓΙΑΣ ΤΡΙΑΔΟΣ"
02044,"45470,262","ΑΡΓΟΛΙΔΑΣ ΜΙΔΕΑΣ"
05057,"3540506,793","ΑΤΤΙΚΗΣ ΙΛΙΟΥ"
37004,"21877,328","ΞΑΝΘΗΣ ΓΕΝΙΣΕΑΣ"
45081,"11260,45","ΤΡΙΚΑΛΩΝ ΜΕΓΑΛΩΝ ΚΑΛΥΒΙΩΝ"
39030,"38340,4","ΠΙΕΡΙΑΣ ΜΑΚΡΥΓΙΑΛΟΥ"
05103,"128885,427","ΑΤΤΙΚΗΣ ΝΕΑΣ ΠΕΡΑΜΟΥ"
20285,"152494,975","ΙΩΑΝΝΙΝΩΝ ΣΤΑΥΡΑΚΙΟΥ"
35014,"21510,06","ΜΑΓΝΗΣΙΑΣ ΑΛΟΝΝΗΣΟΥ"
21039,"1111,75","ΚΑΒΑΛΑΣ ΜΕΣΙΑΣ"
14040,"32205,022","ΖΑΚΥΝΘΟΥ ΠΑΝΤΟΚΡΑΤΟΡΟΣ"
51004,"33857,256","ΧΙΟΥ ΑΝΕΜΩΝΑ"
02024,"1783,4","ΑΡΓΟΛΙΔΑΣ ΗΡΑΙΟΥ"
21036,"1968,03","ΚΑΒΑΛΑΣ ΜΑΚΡΥΧΩΡΙΟΥ"
02051,"103729,6","ΑΡΓΟΛΙΔΑΣ ΝΕΑΣ ΚΙΟΥ"
15123,"108025,268","ΗΛΕΙΑΣ ΛΕΧΑΙΝΩΝ"
19100,"150759,667","ΘΕΣΣΑΛΟΝΙΚΗΣ ΠΛΑΓΙΑΡΙΟΥ"
50094,"141927,868","ΧΑΝΙΩΝ ΝΕΡΟΚΟΥΡΟΥ"
47070,201,"ΦΛΩΡΙΝΑΣ ΠΛΑΤΕΟΣ"
01125,"5803,28","ΑΙΤΩΛΙΑΣ ΚΑΙ ΑΚΑΡΝΑΝΙΑΣ ΜΑΣΤΡΟΥ"
28016,"44371,55","ΚΟΡΙΝΘΙΑΣ ΒΕΛΟΥ-ΝΕΡΑΝΤΖΗΣ(ΚΟΙΝ. ΝΕΡΑΝΤΖΗΣ)"
49040,"242591,764","ΧΑΛΚΙΔΙΚΗΣ ΝΕΟΥ ΜΑΡΜΑΡΑ"
03008,"21592,24","ΑΡΚΑΔΙΑΣ ΑΓΙΟΥ ΚΩΝΣΤΑΝΤΙΝΟΥ"
05146,"1955174,478","ΑΤΤΙΚΗΣ ΧΑΪΔΑΡΙΟΥ"
21025,"2599635,273","ΚΑΒΑΛΑΣ ΚΑΒΑΛΑΣ"
36135,"37006,96","ΜΕΣΣΗΝΙΑΣ ΛΑΙΙΚΩΝ"
26035,"1109934,712","ΚΙΛΚΙΣ ΚΙΛΚΙΣ"
21053,"1208,28","ΚΑΒΑΛΑΣ ΠΑΡΑΔΕΙΣΟΥ"
25034,"592,6","ΚΕΦΑΛΛΗΝΙΑΣ ΚΟΥΡΟΥΚΛΑΤΩΝ"
11007,"29342,485","ΕΒΡΟΥ ΑΝΘΕΙΑΣ"
13038,"3074,46","ΕΥΡΥΤΑΝΙΑΣ ΚΟΡΥΣΧΑΔΩΝ (ΚΥΨΕΛΗΣ)"
05127,"583911,176","ΑΤΤΙΚΗΣ ΡΑΦΗΝΑΣ"
09002,"56512,87","ΔΡΑΜΑΣ ΑΓΙΟΥ ΑΘΑΝΑΣΙΟΥ"
05118,"1337564,273","ΑΤΤΙΚΗΣ ΠΕΡΑΜΑΤΟΣ"
36088,"3019774,154","ΜΕΣΣΗΝΙΑΣ ΚΑΛΑΜΑΤΑΣ"
27093,"3875,77","ΚΟΖΑΝΗΣ ΟΛΥΜΠΙΑΔΟΣ"
25021,"4111,91","ΚΕΦΑΛΛΗΝΙΑΣ ΘΗΝΑΙΑΣ"
02049,"969246,012","ΑΡΓΟΛΙΔΑΣ ΝΑΥΠΛΙΕΩΝ"
34022,"44424,76","ΛΕΥΚΑΔΑΣ ΚΑΤΟΥΝΗΣ"
50090,"277194,705","ΧΑΝΙΩΝ ΝΕΑΣ ΚΥΔΩΝΙΑΣ"
02058,"6852,98","ΑΡΓΟΛΙΔΑΣ ΠΥΡΓΕΛΛΑΣ"
21072,"6816,27","ΚΑΒΑΛΑΣ ΧΡΥΣΟΧΩΡΙΟΥ"
24052,"75684,345","ΚΕΡΚΥΡΑΣ ΚΑΤΩ ΚΟΡΑΚΙΑΝΑΣ"
29082,"61800,68","ΚΥΚΛΑΔΩΝ ΜΗΛΟΥ"
21020,"2731,27","ΚΑΒΑΛΑΣ ΕΡΑΤΕΙΝΟΥ"
05100,"3227246,934","ΑΤΤΙΚΗΣ ΝΕΑΣ ΙΩΝΙΑΣ"
05010,"83564,261","ΑΤΤΙΚΗΣ ΑΙΑΝΤΕΙΟΥ"
39035,"6337,22","ΠΙΕΡΙΑΣ ΝΕΑΣ ΑΓΑΘΟΥΠΟΛΕΩΣ"
25009,"558349,0972","ΚΕΦΑΛΛΗΝΙΑΣ ΑΡΓΟΣΤΟΛΙΟΥ"
12116,"19861,46","ΕΥΒΟΙΑΣ ΜΥΤΙΚΑ"
08010,"675747,4754","ΓΡΕΒΕΝΩΝ ΓΡΕΒΕΝΩΝ"
08069,"716,7","ΓΡΕΒΕΝΩΝ ΦΕΛΛΙΟΥ"
01142,"53655,46","ΑΙΤΩΛΙΑΣ ΚΑΙ ΑΚΑΡΝΑΝΙΑΣ ΝΕΟΧΩΡΙΟΥ (ΜΕΣΟΛΟΓΓΙΟΥ)"
02020,"65756,825","ΑΡΓΟΛΙΔΑΣ ΔΡΕΠΑΝΟΥ"
09025,"5578,9","ΔΡΑΜΑΣ ΚΕΦΑΛΑΡΙΟΥ"
25071,"29662,425","ΚΕΦΑΛΛΗΝΙΑΣ ΦΑΡΑΚΛΑΤΩΝ"
28090,"39331,554","ΚΟΡΙΝΘΙΑΣ ΠΕΡΙΓΙΑΛΙΟΥ"
30115,"3233,76","ΛΑΚΩΝΙΑΣ ΠΑΡΟΡΕΙΟΥ"
05011,"3104354,088","ΑΤΤΙΚΗΣ ΑΙΓΑΛΕΩ"
09030,"13112,635","ΔΡΑΜΑΣ Μ. ΑΛΕΞΑΝΔΡΟΥ"
37026,"2128181,22","ΞΑΝΘΗΣ ΞΑΝΘΗΣ"
19079,"138758,4196","ΘΕΣΣΑΛΟΝΙΚΗΣ ΝΕΑΣ ΡΑΙΔΕΣΤΟΥ"
19034,"889478,401","ΘΕΣΣΑΛΟΝΙΚΗΣ ΕΛΕΥΘΕΡΙΟΥ ΚΟΡΔΕΛΙΟΥ"
22056,"2194138,9415","ΚΑΡΔΙΤΣΑΣ ΚΑΡΔΙΤΣΗΣ"
13011,"893,24","ΕΥΡΥΤΑΝΙΑΣ ΑΝΙΑΔΑΣ"
21067,"93900,2455","ΚΑΒΑΛΑΣ ΦΙΛΙΠΠΩΝ"
21031,"659,96","ΚΑΒΑΛΑΣ ΚΟΡΥΦΩΝ"
46099,"149086,7075","ΦΘΙΩΤΙΔΑΣ ΜΑΛΕΣΙΝΗΣ"
39031,"14044,702","ΠΙΕΡΙΑΣ ΜΕΘΩΝΗΣ"
27112,"1982662,113","ΚΟΖΑΝΗΣ ΠΤΟΛΕΜΑΙΔΟΣ"
05094,"1621318,945","ΑΤΤΙΚΗΣ ΜΕΤΑΜΟΡΦΩΣΕΩΣ"
33049,"1622,28","ΛΕΣΒΟΥ ΜΕΣΑΓΡΟΥ"
41082,"9929,52","ΡΕΘΥΜΝΗΣ ΜΑΡΟΥΛΑ"
05030,"775191,922","ΑΤΤΙΚΗΣ ΒΑΡΗΣ"
02059,"4893,79","ΑΡΓΟΛΙΔΑΣ ΠΥΡΓΙΩΤΙΚΩΝ"
45001,"2915,02","ΤΡΙΚΑΛΩΝ ΑΓΙΑΣ ΚΥΡΙΑΚΗΣ"
21056,"1476,75","ΚΑΒΑΛΑΣ ΠΗΓΩΝ"
40050,"1047582,839","ΠΡΕΒΕΖΑΣ ΠΡΕΒΕΖΗΣ"
05109,"4057528,695","ΑΤΤΙΚΗΣ ΝΙΚΑΙΑΣ"
41109,"13433,87","ΡΕΘΥΜΝΗΣ ΠΡΙΝΕ"
28066,"74026,25","ΚΟΡΙΝΘΙΑΣ ΛΕΧΑΙΟΥ"
02021,"2802,64","ΑΡΓΟΛΙΔΑΣ ΕΛΛΗΝΙΚΟΥ"
03210,"5731,07","ΑΡΚΑΔΙΑΣ ΣΚΟΠΗΣ"
05120,"6212774,7465","ΑΤΤΙΚΗΣ ΠΕΡΙΣΤΕΡΙΟΥ"
01195,"11825,97","ΑΙΤΩΛΙΑΣ ΚΑΙ ΑΚΑΡΝΑΝΙΑΣ ΣΤΑΜΝΑΣ"
36031,"15802,15","ΜΕΣΣΗΝΙΑΣ ΑΝΤΙΚΑΛΑΜΟΥ"
30075,"8067,32","ΛΑΚΩΝΙΑΣ ΚΛΑΔΑ"
44043,"11937,44","ΣΕΡΡΩΝ ΕΠΤΑΜΥΛΩΝ"
31081,"6535049,676","ΛΑΡΙΣΑΣ ΛΑΡΙΣΗΣ"
46079,"1363,66","ΦΘΙΩΤΙΔΑΣ ΚΥΠΑΡΙΣΣΙΟΥ"
41031,"211593,478","ΡΕΘΥΜΝΗΣ ΑΤΣΙΠΟΠΟΥΛΟΥ"
19024,"71172,107","ΘΕΣΣΑΛΟΝΙΚΗΣ ΒΑΣΙΛΙΚΩΝ"
05062,"934392,727","ΑΤΤΙΚΗΣ ΚΑΜΑΤΕΡΟΥ"
19011,"1628313,378","ΘΕΣΣΑΛΟΝΙΚΗΣ ΑΜΠΕΛΟΚΗΠΩΝ"
29006,"9848,685","ΚΥΚΛΑΔΩΝ ΑΚΡΩΤΗΡΙΟΥ"
05106,"520519,295","ΑΤΤΙΚΗΣ ΝΕΑΣ ΧΑΛΚΗΔΟΝΟΣ"
21038,"1095,88","ΚΑΒΑΛΑΣ ΜΕΛΙΣΣΟΚΟΜΕΙΟΥ"
44121,"2803746,922","ΣΕΡΡΩΝ ΣΕΡΡΩΝ"
05129,"612183,135","ΑΤΤΙΚΗΣ ΣΑΛΑΜΙΝΟΣ"
21043,"103455,626","ΚΑΒΑΛΑΣ ΝΕΑΣ ΗΡΑΚΛEΙΤΣΗΣ"
27098,"28758,688","ΚΟΖΑΝΗΣ ΠΕΡΔΙΚΚΑ"
22124,"6686,43","ΚΑΡΔΙΤΣΑΣ ΠΡΟΑΣΤΙΟΥ (ΠΑΡΑΠΡΑΣΤΑΙΝΗΣ)"
15177,"1404635,449","ΗΛΕΙΑΣ ΠΥΡΓΟΥ"
05138,"733890,888","ΑΤΤΙΚΗΣ ΤΑΥΡΟΥ"
11003,"2514994,8166","ΕΒΡΟΥ ΑΛΕΞΑΝΔΡΟΥΠΟΛΕΩΣ"
31152,"332870,55","ΛΑΡΙΣΑΣ ΤΥΡΝΑΒΟΥ"
05084,"168772,89","ΑΤΤΙΚΗΣ ΜΑΓΟΥΛΑΣ"
19116,"66350,283","ΘΕΣΣΑΛΟΝΙΚΗΣ ΤΑΓΑΡΑΔΩΝ"
14012,"15341,285","ΖΑΚΥΝΘΟΥ ΑΡΓΑΣΙΟΥ"
23019,"39497,555","ΚΑΣΤΟΡΙΑΣ ΔΙΣΠΗΛΙΟΥ"
51025,"14476,483","ΧΙΟΥ ΝΕΟΧΩΡΙΟΥ"
05043,"1182260,032","ΑΤΤΙΚΗΣ ΔΑΦΝΗΣ"
21059,"4907,173","ΚΑΒΑΛΑΣ ΠΟΔΟΧΩΡΙΟΥ"
05071,"2825030,143","ΑΤΤΙΚΗΣ ΚΟΡΥΔΑΛΛΟΥ"
05116,"9245292,285","ΑΤΤΙΚΗΣ ΠΕΙΡΑΙΩΣ"
05041,"5334142,8534","ΑΤΤΙΚΗΣ ΓΛΥΦΑΔΑΣ"
29085,"328101,929","ΚΥΚΛΑΔΩΝ ΜΥΚΟΝΙΩΝ"
34032,"3022,34","ΛΕΥΚΑΔΑΣ ΠΗΓΑΔΗΣΑΝΩΝ"
02032,"13054,53","ΑΡΓΟΛΙΔΑΣ ΚΕΦΑΛΑΡΙΟΥ"
29090,"13756,54","ΚΥΚΛΑΔΩΝ ΠΑΓΟΥ"
51013,"23740,11","ΧΙΟΥ ΚΑΜΠΟΧΩΡΩΝ"
05048,"475870,227","ΑΤΤΙΚΗΣ ΕΚΑΛΗΣ"
21005,"2570,95","ΚΑΒΑΛΑΣ ΑΚΡΟΠΟΤΑΜΟΥ"
21028,"2918,46","ΚΑΒΑΛΑΣ ΚΕΧΡΟΚΑΜΠΟΥ"
03157,"43570,025","ΑΡΚΑΔΙΑΣ ΞΗΡΟΠΗΓΑΔΟΥ"
46102,"27400,02","ΦΘΙΩΤΙΔΑΣ ΜΑΡΤΙΝΟΥ"
46020,"44155,914","ΦΘΙΩΤΙΔΑΣ ΑΡΚΙΤΣΑΣ"
05014,"5251807,2628","ΑΤΤΙΚΗΣ ΑΜΑΡΟΥΣΙΟΥ"
50110,"84015,265","ΧΑΝΙΩΝ ΠΕΡΙΒΟΛΙΩΝ (ΚΥΔΩΝΙΑΣ)"
04080,"71682,55","ΑΡΤΑΣ ΦΙΛΟΘΕΗΣ"
29045,"576609,048","ΚΥΚΛΑΔΩΝ ΕΡΜΟΥΠΟΛΕΩΣ"
18011,"7030,695","ΘΕΣΠΡΩΤΙΑΣ ΑΣΠΡΟΚΚΛΗΣΙΟΥ"
23035,"32483,32","ΚΑΣΤΟΡΙΑΣ ΛΕΥΚΗΣ"
24054,"1904521,2775","ΚΕΡΚΥΡΑΣ ΚΕΡΚΥΡΑΙΩΝ"
02048,"32501,63","ΑΡΓΟΛΙΔΑΣ ΜΥΛΩΝ"
29075,"62024,38","ΚΥΚΛΑΔΩΝ ΜΑΝΝΑ"
41108,"1187,38","ΡΕΘΥΜΝΗΣ ΠΡΑΣΙΩΝ"
05128,"82334,248","ΑΤΤΙΚΗΣ ΡΟΔΟΠΟΛΕΩΣ (ΜΠΑΛΑΣ)"
05149,"705402,453","ΑΤΤΙΚΗΣ ΨΥΧΙΚΟΥ"
21061,"5495,24","ΚΑΒΑΛΑΣ ΠΟΝΤΟΛΙΒΑΔΟΥ (ΝΕΑΣ ΚΩΜΗΣ)"
07046,"692,78","ΒΟΙΩΤΙΑΣ ΛΟΥΤΣΙΟΥ"
15030,"3263,09","ΗΛΕΙΑΣ ΑΡΕΤΗΣ"
22111,218,"ΚΑΡΔΙΤΣΑΣ ΠΑΛΑΙΟΧΩΡΙΟΥ"
28054,"41293,63","ΚΟΡΙΝΘΙΑΣ ΚΟΚΚΩΝΙΟΥ"
05141,"467112,292","ΑΤΤΙΚΗΣ ΥΜΗΤΤΟΥ"
21041,"3684,35","ΚΑΒΑΛΑΣ ΜΟΥΣΘΕΝΗΣ"
03027,"73201,44","ΑΡΚΑΔΙΑΣ ΑΣΤΡΟΥΣ"
46089,"48424,17","ΦΘΙΩΤΙΔΑΣ ΛΙΒΑΝΑΤΩΝ"
05023,"289965,56","ΑΤΤΙΚΗΣ ΑΡΤΕΜΙΔΟΣ (ΛΟΥΤΣΑ)"
39019,"2440010,2725","ΠΙΕΡΙΑΣ ΚΑΤΕΡΙΝΗΣ"
19123,"142817,761","ΘΕΣΣΑΛΟΝΙΚΗΣ ΧΟΡΤΙΑΤΗ"
51020,"42432,26","ΧΙΟΥ ΜΑΣΤΙΧΟΧΩΡΙΩΝ"
05055,"2433465,2","ΑΤΤΙΚΗΣ ΗΡΑΚΛΕΙΟΥ"
33001,"15518,36","ΛΕΣΒΟΥ ΑΓΙΑΣ ΜΑΡΙΝΗΣ"
21029,"1833,69","ΚΑΒΑΛΑΣ ΚΗΠΙΩΝ"
05039,"1359545,352","ΑΤΤΙΚΗΣ ΓΕΡΑΚΑ"
11039,"4580,83","ΕΒΡΟΥ ΛΟΥΤΡΟΥ"
29096,"30966,82","ΚΥΚΛΑΔΩΝ ΠΟΣΕΙΔΩΝΙΑΣ"
36240,"15252,35","ΜΕΣΣΗΝΙΑΣ ΣΠΕΡΧΟΓΕΙΑΣ"
05004,"1064331,46","ΑΤΤΙΚΗΣ ΑΓΙΟΥ ΙΩΑΝΝΟΥ ΡΕΝΤΗ"
33033,"2728,68","ΛΕΣΒΟΥ ΚΑΤΩ ΤΡΙΤΟΥΣ"
48004,"907,04","ΦΩΚΙΔΑΣ ΑΓΙΟΥ ΚΩΝΣΤΑΝΤΙΝΟΥ"
51010,"67008,968","ΧΙΟΥ ΘΥΜΙΑΝΩΝ"
09017,"5555,4","ΔΡΑΜΑΣ ΚΑΛΑΜΩΝΟΣ"
02009,"1155856,826","ΑΡΓΟΛΙΔΑΣ ΑΡΓΟΥΣ"
25072,"6760,155","ΚΕΦΑΛΛΗΝΙΑΣ ΦΑΡΣΩΝ"
25065,"13898,53","ΚΕΦΑΛΛΗΝΙΑΣ ΣΟΥΛΛΑΡΩΝ"
05040,"458439,115","ΑΤΤΙΚΗΣ ΓΛΥΚΩΝ ΝΕΡΩΝ"
05131,"53643,23","ΑΤΤΙΚΗΣ ΣΕΛΗΝΙΩΝ"
28014,"34370,07","ΚΟΡΙΝΘΙΑΣ ΑΣΣΟΥ"
30030,"10770,77","ΛΑΚΩΝΙΑΣ ΑΦΙΣΙΟΥ"
37011,"77918,76","ΞΑΝΘΗΣ ΕΥΜΟΙΡΟΥ"
05013,"2612294,277","ΑΤΤΙΚΗΣ ΑΛΙΜΟΥ"
40038,"34834,32","ΠΡΕΒΕΖΑΣ ΝΕΑΣ ΚΕΡΑΣΟΥΝΤΟΣ"
40054,"776,57","ΠΡΕΒΕΖΑΣ ΡΩΜΙΑΣ"
36207,"1425,99","ΜΕΣΣΗΝΙΑΣ ΠΙΠΕΡΙΤΣΗΣ"
21021,"5925,676","ΚΑΒΑΛΑΣ ΖΑΡΚΑΔΙΑΣ"
17063,"4791442,302","ΗΡΑΚΛΕΙΟΥ ΗΡΑΚΛΕΙΟΥ"
13031,"499463,436","ΕΥΡΥΤΑΝΙΑΣ ΚΑΡΠΕΝΗΣΙΟΥ"
42017,"1837198,992","ΡΟΔΟΠΗΣ ΚΟΜΟΤΗΝΗΣ"
08023,"21661,86","ΓΡΕΒΕΝΩΝ ΚΑΡΠΕΡΟΥ"
44100,"5373,43","ΣΕΡΡΩΝ ΝΕΟΧΩΡΙΟΥ (ΣΕΡΡΩΝ)"
