01003,1613,"ΑΙΤΩΛΙΑΣ ΚΑΙ ΑΚΑΡΝΑΝΙΑΣ ΑΓΓΕΛΟΚΑΣΤΡΟΥ"
01011,382,"ΑΙΤΩΛΙΑΣ ΚΑΙ ΑΚΑΡΝΑΝΙΑΣ ΑΓΙΟΥ ΗΛΙΑ"
01021,4857,"ΑΙΤΩΛΙΑΣ ΚΑΙ ΑΚΑΡΝΑΝΙΑΣ ΑΙΤΩΛΙΚΟΥ"
01058,1086,"ΑΙΤΩΛΙΑΣ ΚΑΙ ΑΚΑΡΝΑΝΙΑΣ ΓΟΥΡΙΑΣ"
01072,481,"ΑΙΤΩΛΙΑΣ ΚΑΙ ΑΚΑΡΝΑΝΙΑΣ ΕΛΛΗΝΙΚΩΝ"
01120,816,"ΑΙΤΩΛΙΑΣ ΚΑΙ ΑΚΑΡΝΑΝΙΑΣ ΛΥΣΙΜΑΧΕΙΑΣ"
01125,537,"ΑΙΤΩΛΙΑΣ ΚΑΙ ΑΚΑΡΝΑΝΙΑΣ ΜΑΣΤΡΟΥ"
01131,10393,"ΑΙΤΩΛΙΑΣ ΚΑΙ ΑΚΑΡΝΑΝΙΑΣ ΜΕΣΟΛΟΓΓΙΟΥ"
01142,3547,"ΑΙΤΩΛΙΑΣ ΚΑΙ ΑΚΑΡΝΑΝΙΑΣ ΝΕΟΧΩΡΙΟΥ (ΜΕΣΟΛΟΓΓΙΟΥ)"
01195,2075,"ΑΙΤΩΛΙΑΣ ΚΑΙ ΑΚΑΡΝΑΝΙΑΣ ΣΤΑΜΝΑΣ"
01212,596,"ΑΙΤΩΛΙΑΣ ΚΑΙ ΑΚΑΡΝΑΝΙΑΣ ΧΡΥΣΟΒΕΡΓΙΟΥ"
02001,2177,"ΑΡΓΟΛΙΔΑΣ ΑΓΙΟΥ ΑΔΡΙΑΝΟΥ"
02007,1064,"ΑΡΓΟΛΙΔΑΣ ΑΝΥΦΙΟΥ"
02009,15759,"ΑΡΓΟΛΙΔΑΣ ΑΡΓΟΥΣ"
02012,1895,"ΑΡΓΟΛΙΔΑΣ ΑΣΙΝΗΣ"
02017,943,"ΑΡΓΟΛΙΔΑΣ ΔΑΛΑΜΑΝΑΡΑΣ"
02020,2131,"ΑΡΓΟΛΙΔΑΣ ΔΡΕΠΑΝΟΥ"
02021,666,"ΑΡΓΟΛΙΔΑΣ ΕΛΛΗΝΙΚΟΥ"
02024,279,"ΑΡΓΟΛΙΔΑΣ ΗΡΑΙΟΥ"
02025,488,"ΑΡΓΟΛΙΔΑΣ ΗΡΑΣ"
02027,1042,"ΑΡΓΟΛΙΔΑΣ ΙΝΑΧΟΥ"
02032,1281,"ΑΡΓΟΛΙΔΑΣ ΚΕΦΑΛΑΡΙΟΥ"
02034,1563,"ΑΡΓΟΛΙΔΑΣ ΚΙΒΕΡΙΟΥ"
02036,446,"ΑΡΓΟΛΙΔΑΣ ΚΟΥΡΤΑΚΙΟΥ"
02037,3129,"ΑΡΓΟΛΙΔΑΣ ΚΟΥΤΣΟΠΟΔΙΟΥ"
02039,510,"ΑΡΓΟΛΙΔΑΣ ΛΑΛΟΥΚΑ"
02040,1536,"ΑΡΓΟΛΙΔΑΣ ΛΕΥΚΑΚΙΩΝ"
02044,4493,"ΑΡΓΟΛΙΔΑΣ ΜΙΔΕΑΣ"
02048,1335,"ΑΡΓΟΛΙΔΑΣ ΜΥΛΩΝ"
02049,11979,"ΑΡΓΟΛΙΔΑΣ ΝΑΥΠΛΙΕΩΝ"
02051,2140,"ΑΡΓΟΛΙΔΑΣ ΝΕΑΣ ΚΙΟΥ"
02052,1706,"ΑΡΓΟΛΙΔΑΣ ΝΕΑΣ ΤΙΡΥΝΘΟΣ"
02053,760,"ΑΡΓΟΛΙΔΑΣ ΝΕΟΥ ΗΡΑΙΟΥ"
02054,706,"ΑΡΓΟΛΙΔΑΣ ΝΕΟΥ ΡΟΕΙΝΟΥ"
02058,472,"ΑΡΓΟΛΙΔΑΣ ΠΥΡΓΕΛΛΑΣ"
02059,665,"ΑΡΓΟΛΙΔΑΣ ΠΥΡΓΙΩΤΙΚΩΝ"
02060,1152,"ΑΡΓΟΛΙΔΑΣ ΣΚΑΦΙΔΑΚΙΟΥ"
02064,2241,"ΑΡΓΟΛΙΔΑΣ ΤΟΛΟΥ"
03008,949,"ΑΡΚΑΔΙΑΣ ΑΓΙΟΥ ΚΩΝΣΤΑΝΤΙΝΟΥ"
03027,4500,"ΑΡΚΑΔΙΑΣ ΑΣΤΡΟΥΣ"
03054,2024,"ΑΡΚΑΔΙΑΣ ΔΟΛΙΑΝΩΝ"
03144,1029,"ΑΡΚΑΔΙΑΣ ΜΕΡΚΟΒΟΥΝΙΟΥ"
03157,1417,"ΑΡΚΑΔΙΑΣ ΞΗΡΟΠΗΓΑΔΟΥ"
03169,4568,"ΑΡΚΑΔΙΑΣ ΠΑΡΑΛΙΟΥ ΑΣΤΡΟΥΣ"
03210,704,"ΑΡΚΑΔΙΑΣ ΣΚΟΠΗΣ"
03225,22042,"ΑΡΚΑΔΙΑΣ ΤΡΙΠΟΛΕΩΣ"
04010,16570,"ΑΡΤΑΣ ΑΡΤΑΙΩΝ"
04014,991,"ΑΡΤΑΣ ΒΛΑΧΕΡΝΗΣ"
04029,929,"ΑΡΤΑΣ ΚΑΜΠΗΣ"
04060,438,"ΑΡΤΑΣ ΠΑΝΤΑΝΑΣΗΣ (ΠΑΝΤΑΝΑΣΣΗΣ)"
04063,5306,"ΑΡΤΑΣ ΠΕΤΑ"
04080,2384,"ΑΡΤΑΣ ΦΙΛΟΘΕΗΣ"
05001,13651,"ΑΤΤΙΚΗΣ ΑΓΙΑΣ ΒΑΡΒΑΡΑΣ"
05002,34760,"ΑΤΤΙΚΗΣ ΑΓΙΑΣ ΠΑΡΑΣΚΕΥΗΣ"
05003,38079,"ΑΤΤΙΚΗΣ ΑΓΙΟΥ ΔΗΜΗΤΡΙΟΥ"
05004,10359,"ΑΤΤΙΚΗΣ ΑΓΙΟΥ ΙΩΑΝΝΟΥ ΡΕΝΤΗ"
05006,7343,"ΑΤΤΙΚΗΣ ΑΓΙΟΥ ΣΤΕΦΑΝΟΥ"
05007,18866,"ΑΤΤΙΚΗΣ ΑΓΙΩΝ ΑΝΑΡΓΥΡΩΝ"
05010,20645,"ΑΤΤΙΚΗΣ ΑΙΑΝΤΕΙΟΥ"
05011,39067,"ΑΤΤΙΚΗΣ ΑΙΓΑΛΕΩ"
05013,25578,"ΑΤΤΙΚΗΣ ΑΛΙΜΟΥ"
05014,46620,"ΑΤΤΙΚΗΣ ΑΜΑΡΟΥΣΙΟΥ"
05015,9066,"ΑΤΤΙΚΗΣ ΑΜΠΕΛΑΚΙΩΝ"
05017,5507,"ΑΤΤΙΚΗΣ ΑΝΘΟΥΣΗΣ"
05018,4961,"ΑΤΤΙΚΗΣ ΑΝΟΙΞΕΩΣ"
05020,23494,"ΑΤΤΙΚΗΣ ΑΝΩ ΛΙΟΣΙΩΝ"
05022,18660,"ΑΤΤΙΚΗΣ ΑΡΓΥΡΟΥΠΟΛΕΩΣ"
05023,31931,"ΑΤΤΙΚΗΣ ΑΡΤΕΜΙΔΟΣ (ΛΟΥΤΣΑ)"
05025,25170,"ΑΤΤΙΚΗΣ ΑΣΠΡΟΠΥΡΓΟΥ"
05028,57384,"ΑΤΤΙΚΗΣ ΑΧΑΡΝΩΝ"
05030,13909,"ΑΤΤΙΚΗΣ ΒΑΡΗΣ"
05033,18755,"ΑΤΤΙΚΗΣ ΒΟΥΛΑΣ"
05034,4318,"ΑΤΤΙΚΗΣ ΒΟΥΛΙΑΓΜΕΝΗΣ"
05035,17112,"ΑΤΤΙΚΗΣ ΒΡΙΛΗΣΙΩΝ"
05036,36474,"ΑΤΤΙΚΗΣ ΒΥΡΩΝΟΣ"
05038,36211,"ΑΤΤΙΚΗΣ ΓΑΛΑΤΣΙΟΥ"
05039,21515,"ΑΤΤΙΚΗΣ ΓΕΡΑΚΑ"
05040,8702,"ΑΤΤΙΚΗΣ ΓΛΥΚΩΝ ΝΕΡΩΝ"
05041,52709,"ΑΤΤΙΚΗΣ ΓΛΥΦΑΔΑΣ"
05043,15112,"ΑΤΤΙΚΗΣ ΔΑΦΝΗΣ"
05044,5480,"ΑΤΤΙΚΗΣ ΔΙΟΝΥΣΟΥ"
05045,8772,"ΑΤΤΙΚΗΣ ΔΡΑΠΕΤΣΩΝΑΣ"
05046,4733,"ΑΤΤΙΚΗΣ ΔΡΟΣΙΑΣ"
05048,3676,"ΑΤΤΙΚΗΣ ΕΚΑΛΗΣ"
05049,12798,"ΑΤΤΙΚΗΣ ΕΛΕΥΣΙΝΟΣ"
05050,9475,"ΑΤΤΙΚΗΣ ΕΛΛΗΝΙΚΟΥ"
05052,4719,"ΑΤΤΙΚΗΣ ΖΕΦΥΡΙΟΥ"
05053,46788,"ΑΤΤΙΚΗΣ ΖΩΓΡΑΦΟΥ"
05054,42542,"ΑΤΤΙΚΗΣ ΗΛΙΟΥΠΟΛΕΩΣ"
05055,28235,"ΑΤΤΙΚΗΣ ΗΡΑΚΛΕΙΟΥ"
05056,4561,"ΑΤΤΙΚΗΣ ΘΡΑΚΟΜΑΚΕΔΟΝΩΝ"
05057,44637,"ΑΤΤΙΚΗΣ ΙΛΙΟΥ"
05058,18106,"ΑΤΤΙΚΗΣ ΚΑΙΣΑΡΙΑΝΗΣ"
05062,18151,"ΑΤΤΙΚΗΣ ΚΑΜΑΤΕΡΟΥ"
05068,43173,"ΑΤΤΙΚΗΣ ΚΕΡΑΤΣΙΝΙΟΥ"
05069,31562,"ΑΤΤΙΚΗΣ ΚΗΦΙΣΙΑΣ"
05071,37507,"ΑΤΤΙΚΗΣ ΚΟΡΥΔΑΛΛΟΥ"
05074,3431,"ΑΤΤΙΚΗΣ ΚΡΥΟΝΕΡΙΟΥ"
05075,32316,"ΑΤΤΙΚΗΣ ΚΡΩΠΙΑΣ"
05083,5369,"ΑΤΤΙΚΗΣ ΛΥΚΟΒΡΥΣΕΩΣ"
05084,4216,"ΑΤΤΙΚΗΣ ΜΑΓΟΥΛΑΣ"
05086,12675,"ΑΤΤΙΚΗΣ ΜΑΝΔΡΑΣ"
05087,19484,"ΑΤΤΙΚΗΣ ΜΑΡΑΘΩΝΟΣ"
05088,33840,"ΑΤΤΙΚΗΣ ΜΑΡΚΟΠΟΥΛΟΥ ΜΕΣΟΓΑΙΑΣ"
05092,13417,"ΑΤΤΙΚΗΣ ΜΕΛΙΣΣΙΩΝ"
05094,17707,"ΑΤΤΙΚΗΣ ΜΕΤΑΜΟΡΦΩΣΕΩΣ"
05096,15033,"ΑΤΤΙΚΗΣ ΜΟΣΧΑΤΟΥ"
05099,11413,"ΑΤΤΙΚΗΣ ΝΕΑΣ ΕΡΥΘΡΑΙΑΣ"
05100,41561,"ΑΤΤΙΚΗΣ ΝΕΑΣ ΙΩΝΙΑΣ"
05101,21633,"ΑΤΤΙΚΗΣ ΝΕΑΣ ΜΑΚΡΗΣ"
05102,4592,"ΑΤΤΙΚΗΣ ΝΕΑΣ ΠΕΝΤΕΛΗΣ"
05103,8216,"ΑΤΤΙΚΗΣ ΝΕΑΣ ΠΕΡΑΜΟΥ"
05104,47061,"ΑΤΤΙΚΗΣ ΝΕΑΣ ΣΜΥΡΝΗΣ"
05105,15735,"ΑΤΤΙΚΗΣ ΝΕΑΣ ΦΙΛΑΔΕΛΦΕΙΑΣ"
05106,6027,"ΑΤΤΙΚΗΣ ΝΕΑΣ ΧΑΛΚΗΔΟΝΟΣ"
05107,6959,"ΑΤΤΙΚΗΣ ΝΕΟΥ ΨΥΧΙΚΟΥ"
05109,54348,"ΑΤΤΙΚΗΣ ΝΙΚΑΙΑΣ"
05111,14929,"ΑΤΤΙΚΗΣ ΠΑΙΑΝΙΑΣ"
05114,20934,"ΑΤΤΙΚΗΣ ΠΑΛΛΗΝΗΣ"
05115,7786,"ΑΤΤΙΚΗΣ ΠΑΠΑΓΟΥ"
05116,108832,"ΑΤΤΙΚΗΣ ΠΕΙΡΑΙΩΣ"
05117,3659,"ΑΤΤΙΚΗΣ ΠΕΝΤΕΛΗΣ"
05118,14452,"ΑΤΤΙΚΗΣ ΠΕΡΑΜΑΤΟΣ"
05120,76079,"ΑΤΤΙΚΗΣ ΠΕΡΙΣΤΕΡΙΟΥ"
05121,31400,"ΑΤΤΙΚΗΣ ΠΕΤΡΟΥΠΟΛΕΩΣ"
05122,12143,"ΑΤΤΙΚΗΣ ΠΕΥΚΗΣ"
05123,12073,"ΑΤΤΙΚΗΣ ΠΙΚΕΡΜΙΟΥ"
05127,19969,"ΑΤΤΙΚΗΣ ΡΑΦΗΝΑΣ"
05128,1888,"ΑΤΤΙΚΗΣ ΡΟΔΟΠΟΛΕΩΣ (ΜΠΑΛΑΣ)"
05129,40315,"ΑΤΤΙΚΗΣ ΣΑΛΑΜΙΝΟΣ"
05131,8028,"ΑΤΤΙΚΗΣ ΣΕΛΗΝΙΩΝ"
05133,16615,"ΑΤΤΙΚΗΣ ΣΠΑΤΩΝ-ΛΟΥΤΣΑΣ"
05135,3896,"ΑΤΤΙΚΗΣ ΣΤΑΜΑΤΑΣ"
05138,9140,"ΑΤΤΙΚΗΣ ΤΑΥΡΟΥ"
05141,6124,"ΑΤΤΙΚΗΣ ΥΜΗΤΤΟΥ"
05142,4125,"ΑΤΤΙΚΗΣ ΦΙΛΟΘΕΗΣ"
05145,3145,"ΑΤΤΙΚΗΣ ΦΥΛΗΣ"
05146,23525,"ΑΤΤΙΚΗΣ ΧΑΪΔΑΡΙΟΥ"
05147,47201,"ΑΤΤΙΚΗΣ ΧΑΛΑΝΔΡΙΟΥ"
05148,19628,"ΑΤΤΙΚΗΣ ΧΟΛΑΡΓΟΥ"
05149,5713,"ΑΤΤΙΚΗΣ ΨΥΧΙΚΟΥ"
06167,101161,"ΑΧΑΙΑΣ ΠΑΤΡΕΩΝ"
07036,1997,"ΒΟΙΩΤΙΑΣ ΚΑΣΤΡΟΥ"
07046,523,"ΒΟΙΩΤΙΑΣ ΛΟΥΤΣΙΟΥ"
07055,4161,"ΒΟΙΩΤΙΑΣ ΟΡΧΟΜΕΝΟΥ"
07057,1340,"ΒΟΙΩΤΙΑΣ ΠΑΥΛΟΥ"
08010,9661,"ΓΡΕΒΕΝΩΝ ΓΡΕΒΕΝΩΝ"
08023,1415,"ΓΡΕΒΕΝΩΝ ΚΑΡΠΕΡΟΥ"
08069,538,"ΓΡΕΒΕΝΩΝ ΦΕΛΛΙΟΥ"
09002,3506,"ΔΡΑΜΑΣ ΑΓΙΟΥ ΑΘΑΝΑΣΙΟΥ"
09014,32187,"ΔΡΑΜΑΣ ΔΡΑΜΑΣ"
09016,3230,"ΔΡΑΜΑΣ ΚΑΛΑΜΠΑΚΙΟΥ"
09017,1472,"ΔΡΑΜΑΣ ΚΑΛΑΜΩΝΟΣ"
09025,902,"ΔΡΑΜΑΣ ΚΕΦΑΛΑΡΙΟΥ"
09030,5405,"ΔΡΑΜΑΣ Μ. ΑΛΕΞΑΝΔΡΟΥ"
10060,3690,"ΔΩΔΕΚΑΝΗΣΟΥ ΠΑΤΜΟΥ"
10071,4651,"ΔΩΔΕΚΑΝΗΣΟΥ ΣΥΜΗΣ"
11003,35462,"ΕΒΡΟΥ ΑΛΕΞΑΝΔΡΟΥΠΟΛΕΩΣ"
11007,1789,"ΕΒΡΟΥ ΑΝΘΕΙΑΣ"
11039,1959,"ΕΒΡΟΥ ΛΟΥΤΡΟΥ"
12012,3020,"ΕΥΒΟΙΑΣ ΑΓΙΟΥ ΝΙΚΟΛΑΟΥ"
12035,7534,"ΕΥΒΟΙΑΣ ΒΑΣΙΛΙΚΟΥ"
12054,8377,"ΕΥΒΟΙΑΣ ΔΡΟΣΙΑΣ"
12116,1835,"ΕΥΒΟΙΑΣ ΜΥΤΙΚΑ"
12162,35855,"ΕΥΒΟΙΑΣ ΧΑΛΚΙΔΕΩΝ"
13003,171,"ΕΥΡΥΤΑΝΙΑΣ ΑΓΙΟΥ ΑΝΔΡΕΟΥ"
13011,301,"ΕΥΡΥΤΑΝΙΑΣ ΑΝΙΑΔΑΣ"
13031,7102,"ΕΥΡΥΤΑΝΙΑΣ ΚΑΡΠΕΝΗΣΙΟΥ"
13036,609,"ΕΥΡΥΤΑΝΙΑΣ ΚΛΑΥΣΙΟΥ"
13038,536,"ΕΥΡΥΤΑΝΙΑΣ ΚΟΡΥΣΧΑΔΩΝ (ΚΥΨΕΛΗΣ)"
13046,1200,"ΕΥΡΥΤΑΝΙΑΣ ΜΕΓΑΛΟΥ ΧΩΡΙΟΥ"
13050,340,"ΕΥΡΥΤΑΝΙΑΣ ΜΟΥΖΙΛΟΥ"
14012,981,"ΖΑΚΥΝΘΟΥ ΑΡΓΑΣΙΟΥ"
14014,1056,"ΖΑΚΥΝΘΟΥ ΒΑΣΙΛΙΚΟΥ"
14021,7122,"ΖΑΚΥΝΘΟΥ ΖΑΚΥΝΘΙΩΝ"
14022,1334,"ΖΑΚΥΝΘΟΥ ΚΑΛΑΜΑΚΙΟΥ"
14040,2036,"ΖΑΚΥΝΘΟΥ ΠΑΝΤΟΚΡΑΤΟΡΟΣ"
15030,548,"ΗΛΕΙΑΣ ΑΡΕΤΗΣ"
15123,3120,"ΗΛΕΙΑΣ ΛΕΧΑΙΝΩΝ"
15135,1517,"ΗΛΕΙΑΣ ΜΑΝΟΛΑΔΟΣ"
15149,1124,"ΗΛΕΙΑΣ ΝΕΑΣ ΜΑΝΟΛΑΔΟΣ"
15177,18019,"ΗΛΕΙΑΣ ΠΥΡΓΟΥ"
16001,1768,"ΗΜΑΘΙΑΣ ΑΓΙΑΣ ΒΑΡΒΑΡΑΣ"
16007,1926,"ΗΜΑΘΙΑΣ ΒΕΡΓΙΝΗΣ"
16008,30765,"ΗΜΑΘΙΑΣ ΒΕΡΟΙΑΣ"
16041,1301,"ΗΜΑΘΙΑΣ ΠΑΛΑΤΙΤΣΙΩΝ"
16057,1297,"ΗΜΑΘΙΑΣ ΤΡΙΠΟΤΑΜΟΥ"
17063,79776,"ΗΡΑΚΛΕΙΟΥ ΗΡΑΚΛΕΙΟΥ"
18011,854,"ΘΕΣΠΡΩΤΙΑΣ ΑΣΠΡΟΚΚΛΗΣΙΟΥ"
18026,7202,"ΘΕΣΠΡΩΤΙΑΣ ΗΓΟΥΜΕΝΙΤΣΗΣ"
18072,487,"ΘΕΣΠΡΩΤΙΑΣ ΠΛΑΙΣΙΟΥ"
18081,651,"ΘΕΣΠΡΩΤΙΑΣ ΣΑΓΙΑΔΑΣ"
18095,2437,"ΘΕΣΠΡΩΤΙΑΣ ΦΙΛΙΑΤΩΝ"
19003,5227,"ΘΕΣΣΑΛΟΝΙΚΗΣ ΑΓΙΑΣ ΤΡΙΑΔΟΣ"
19007,4691,"ΘΕΣΣΑΛΟΝΙΚΗΣ ΑΓΙΟΥ ΠΑΥΛΟΥ"
19011,24990,"ΘΕΣΣΑΛΟΝΙΚΗΣ ΑΜΠΕΛΟΚΗΠΩΝ"
19012,589,"ΘΕΣΣΑΛΟΝΙΚΗΣ ΑΝΑΛΗΨΕΩΣ"
19018,5408,"ΘΕΣΣΑΛΟΝΙΚΗΣ ΑΣΒΕΣΤΟΧΩΡΙΟΥ"
19024,5868,"ΘΕΣΣΑΛΟΝΙΚΗΣ ΒΑΣΙΛΙΚΩΝ"
19034,15700,"ΘΕΣΣΑΛΟΝΙΚΗΣ ΕΛΕΥΘΕΡΙΟΥ ΚΟΡΔΕΛΙΟΥ"
19036,1387,"ΘΕΣΣΑΛΟΝΙΚΗΣ ΕΞΟΧΗΣ"
19039,10402,"ΘΕΣΣΑΛΟΝΙΚΗΣ ΕΥΚΑΡΠΙΑΣ"
19040,44365,"ΘΕΣΣΑΛΟΝΙΚΗΣ ΕΥΟΣΜΟΥ"
19043,12376,"ΘΕΣΣΑΛΟΝΙΚΗΣ ΘΕΡΜΗΣ"
19044,241611,"ΘΕΣΣΑΛΟΝΙΚΗΣ ΘΕΣΣΑΛΟΝΙΚΗΣ"
19047,59618,"ΘΕΣΣΑΛΟΝΙΚΗΣ ΚΑΛΑΜΑΡΙΑΣ"
19069,9955,"ΘΕΣΣΑΛΟΝΙΚΗΣ ΜΕΝΕΜΕΝΗΣ"
19073,507,"ΘΕΣΣΑΛΟΝΙΚΗΣ ΜΟΔΙΟΥ"
19074,19460,"ΘΕΣΣΑΛΟΝΙΚΗΣ ΝΕΑΠΟΛΕΩΣ"
19079,3426,"ΘΕΣΣΑΛΟΝΙΚΗΣ ΝΕΑΣ ΡΑΙΔΕΣΤΟΥ"
19081,4132,"ΘΕΣΣΑΛΟΝΙΚΗΣ ΝΕΟΥ ΡΥΣΙΟΥ"
19083,6696,"ΘΕΣΣΑΛΟΝΙΚΗΣ ΝΕΩΝ ΕΠΙΒΑΤΩΝ"
19091,10164,"ΘΕΣΣΑΛΟΝΙΚΗΣ ΠΑΝΟΡΑΜΑΤΟΣ"
19094,13694,"ΘΕΣΣΑΛΟΝΙΚΗΣ ΠΕΡΑΙΑΣ"
19099,6618,"ΘΕΣΣΑΛΟΝΙΚΗΣ ΠΕΥΚΩΝ"
19100,4415,"ΘΕΣΣΑΛΟΝΙΚΗΣ ΠΛΑΓΙΑΡΙΟΥ"
19101,21438,"ΘΕΣΣΑΛΟΝΙΚΗΣ ΠΟΛΙΧΝΗΣ"
19045,10552,"ΘΕΣΣΑΛΟΝΙΚΗΣ ΠΡΩΗΝ ΙΩΝΙΑΣ (ΝΕΑ ΜΑΓΝΗΣΙΑ ΚΑΙ ΔΙΑΒΑΤΑ)"
19104,26367,"ΘΕΣΣΑΛΟΝΙΚΗΣ ΠΥΛΑΙΑΣ"
19111,27404,"ΘΕΣΣΑΛΟΝΙΚΗΣ ΣΤΑΥΡΟΥΠΟΛΕΩΣ"
19114,23525,"ΘΕΣΣΑΛΟΝΙΚΗΣ ΣΥΚΕΩΝ"
19116,2984,"ΘΕΣΣΑΛΟΝΙΚΗΣ ΤΑΓΑΡΑΔΩΝ"
19117,7186,"ΘΕΣΣΑΛΟΝΙΚΗΣ ΤΡΙΑΝΔΡΙΑΣ"
19123,6208,"ΘΕΣΣΑΛΟΝΙΚΗΣ ΧΟΡΤΙΑΤΗ"
19125,13907,"ΘΕΣΣΑΛΟΝΙΚΗΣ ΩΡΑΙΟΚΑΣΤΡΟΥ"
20023,6619,"ΙΩΑΝΝΙΝΩΝ ΑΝΑΤΟΛΗΣ"
20119,42106,"ΙΩΑΝΝΙΝΩΝ ΙΩΑΝΝΙΤΩΝ"
20139,3847,"ΙΩΑΝΝΙΝΩΝ ΚΑΤΣΙΚΑ"
20285,3487,"ΙΩΑΝΝΙΝΩΝ ΣΤΑΥΡΑΚΙΟΥ"
21001,473,"ΚΑΒΑΛΑΣ ΑΒΡΑΜΥΛΙΑΣ"
21002,1163,"ΚΑΒΑΛΑΣ ΑΓΙΑΣΜΑΤΟΣ"
21003,717,"ΚΑΒΑΛΑΣ ΑΓΙΟΥ ΑΝΔΡΕΟΥ"
21004,202,"ΚΑΒΑΛΑΣ ΑΓΙΟΥ ΚΟΣΜΑ"
21005,1289,"ΚΑΒΑΛΑΣ ΑΚΡΟΠΟΤΑΜΟΥ"
21006,1650,"ΚΑΒΑΛΑΣ ΑΜΙΣΙΑΝΩΝ"
21007,1919,"ΚΑΒΑΛΑΣ ΑΜΥΓΔΑΛΕΩΝΟΣ"
21008,880,"ΚΑΒΑΛΑΣ ΑΝΤΙΦΙΛΙΠΠΩΝ"
21009,768,"ΚΑΒΑΛΑΣ ΑΥΛΗΣ"
21010,812,"ΚΑΒΑΛΑΣ ΓΕΡΟΝΤΑ"
21011,765,"ΚΑΒΑΛΑΣ ΓΡΑΒΟΥΝΗΣ"
21012,833,"ΚΑΒΑΛΑΣ ΔΙΑΛΕΚΤΟΥ"
21013,251,"ΚΑΒΑΛΑΣ ΔΙΠΟΤΑΜΟΥ"
21014,191,"ΚΑΒΑΛΑΣ ΔΥΣΒΑΤΟΥ"
21015,785,"ΚΑΒΑΛΑΣ ΔΩΜΑΤΙΩΝ"
21016,1509,"ΚΑΒΑΛΑΣ ΕΛΑΙΟΧΩΡΙΟΥ"
21017,166,"ΚΑΒΑΛΑΣ ΕΛΑΦΟΧΩΡΙΟΥ"
21018,5646,"ΚΑΒΑΛΑΣ ΕΛΕΥΘΕΡΟΥΠΟΛΕΩΣ"
21019,1710,"ΚΑΒΑΛΑΣ ΕΛΕΥΘΕΡΩΝ"
21020,905,"ΚΑΒΑΛΑΣ ΕΡΑΤΕΙΝΟΥ"
21021,1437,"ΚΑΒΑΛΑΣ ΖΑΡΚΑΔΙΑΣ"
21022,1785,"ΚΑΒΑΛΑΣ ΖΥΓΟΥ"
21025,35702,"ΚΑΒΑΛΑΣ ΚΑΒΑΛΑΣ"
21027,2691,"ΚΑΒΑΛΑΣ ΚΕΡΑΜΩΤΗΣ"
21028,987,"ΚΑΒΑΛΑΣ ΚΕΧΡΟΚΑΜΠΟΥ"
21029,576,"ΚΑΒΑΛΑΣ ΚΗΠΙΩΝ"
21030,1834,"ΚΑΒΑΛΑΣ ΚΟΚΚΙΝΟΧΩΜΑΤΟΣ"
21031,449,"ΚΑΒΑΛΑΣ ΚΟΡΥΦΩΝ"
21032,1006,"ΚΑΒΑΛΑΣ ΚΡΥΟΝΕΡΙΟΥ"
21033,989,"ΚΑΒΑΛΑΣ ΛΕΚΑΝΗΣ"
21035,442,"ΚΑΒΑΛΑΣ ΛΙΜΝΙΩΝ"
21036,613,"ΚΑΒΑΛΑΣ ΜΑΚΡΥΧΩΡΙΟΥ"
21038,563,"ΚΑΒΑΛΑΣ ΜΕΛΙΣΣΟΚΟΜΕΙΟΥ"
21039,689,"ΚΑΒΑΛΑΣ ΜΕΣΙΑΣ"
21040,997,"ΚΑΒΑΛΑΣ ΜΕΣΟΡΟΠΗΣ"
21041,1140,"ΚΑΒΑΛΑΣ ΜΟΥΣΘΕΝΗΣ"
21042,845,"ΚΑΒΑΛΑΣ ΜΥΡΤΟΦΥΤΟΥ"
21043,3639,"ΚΑΒΑΛΑΣ ΝΕΑΣ ΗΡΑΚΛEΙΤΣΗΣ"
21044,1838,"ΚΑΒΑΛΑΣ ΝΕΑΣ ΚΑΡΒΑΛΗΣ"
21045,1473,"ΚΑΒΑΛΑΣ ΝΕΑΣ ΚΑΡΥΑΣ"
21046,5966,"ΚΑΒΑΛΑΣ ΝΕΑΣ ΠΕΡΑΜΟΥ"
21047,1082,"ΚΑΒΑΛΑΣ ΞΕΡΙΑ"
21048,15994,"ΚΑΒΑΛΑΣ ΟΡΦΑΝΟΥ"
21049,3064,"ΚΑΒΑΛΑΣ ΠΑΓΓΑΙΟΥ"
21050,350,"ΚΑΒΑΛΑΣ ΠΑΛΑΙΑΣ ΚΑΒΑΛΑΣ"
21051,1795,"ΚΑΒΑΛΑΣ ΠΑΛΑΙΟΧΩΡΙΟΥ"
21053,683,"ΚΑΒΑΛΑΣ ΠΑΡΑΔΕΙΣΟΥ"
21054,1501,"ΚΑΒΑΛΑΣ ΠΕΡΝΗΣ"
21055,824,"ΚΑΒΑΛΑΣ ΠΕΤΡΟΠΗΓΗΣ"
21056,1187,"ΚΑΒΑΛΑΣ ΠΗΓΩΝ"
21057,215,"ΚΑΒΑΛΑΣ ΠΛΑΤΑΜΩΝΟΣ"
21058,1056,"ΚΑΒΑΛΑΣ ΠΛΑΤΑΝΟΤΟΠΟΥ"
21059,1417,"ΚΑΒΑΛΑΣ ΠΟΔΟΧΩΡΙΟΥ"
21060,171,"ΚΑΒΑΛΑΣ ΠΟΛΥΝΕΡΟΥ"
21061,671,"ΚΑΒΑΛΑΣ ΠΟΝΤΟΛΙΒΑΔΟΥ (ΝΕΑΣ ΚΩΜΗΣ)"
21065,714,"ΚΑΒΑΛΑΣ ΣΙΔΗΡΟΧΩΡΙΟΥ"
21067,7471,"ΚΑΒΑΛΑΣ ΦΙΛΙΠΠΩΝ"
21068,871,"ΚΑΒΑΛΑΣ ΦΩΛΕΑΣ"
21069,594,"ΚΑΒΑΛΑΣ ΧΑΛΚΕΡΟΥ"
21070,517,"ΚΑΒΑΛΑΣ ΧΡΥΣΟΚΑΣΤΡΟΥ"
21071,6498,"ΚΑΒΑΛΑΣ ΧΡΥΣΟΥΠΟΛΕΩΣ"
21072,1440,"ΚΑΒΑΛΑΣ ΧΡΥΣΟΧΩΡΙΟΥ"
22002,757,"ΚΑΡΔΙΤΣΑΣ ΑΓΙΑΣ ΤΡΙΑΔΟΣ"
22009,1999,"ΚΑΡΔΙΤΣΑΣ ΑΓΝΑΝΤΕΡΟΥ"
22051,649,"ΚΑΡΔΙΤΣΑΣ ΚΑΛΟΓΡΙΑΝΩΝ"
22056,27416,"ΚΑΡΔΙΤΣΑΣ ΚΑΡΔΙΤΣΗΣ"
22111,624,"ΚΑΡΔΙΤΣΑΣ ΠΑΛΑΙΟΧΩΡΙΟΥ"
22124,1436,"ΚΑΡΔΙΤΣΑΣ ΠΡΟΑΣΤΙΟΥ (ΠΑΡΑΠΡΑΣΤΑΙΝΗΣ)"
23006,1459,"ΚΑΣΤΟΡΙΑΣ ΑΜΠΕΛΟΚΗΠΩΝ"
23007,5933,"ΚΑΣΤΟΡΙΑΣ ΑΡΓΟΥΣ ΟΡΕΣΤΙΚΟΥ"
23019,833,"ΚΑΣΤΟΡΙΑΣ ΔΙΣΠΗΛΙΟΥ"
23025,11819,"ΚΑΣΤΟΡΙΑΣ ΚΑΣΤΟΡΙΑΣ"
23035,978,"ΚΑΣΤΟΡΙΑΣ ΛΕΥΚΗΣ"
23040,1673,"ΚΑΣΤΟΡΙΑΣ ΜΑΥΡΟΧΩΡΙΟΥ"
23044,2835,"ΚΑΣΤΟΡΙΑΣ ΜΕΣΟΠΟΤΑΜΙΑΣ"
23051,853,"ΚΑΣΤΟΡΙΑΣ ΠΟΛΥΚΑΡΠΗΣ"
24011,2279,"ΚΕΡΚΥΡΑΣ ΑΛΕΠΟΥΣ"
24046,2752,"ΚΕΡΚΥΡΑΣ ΚΑΝΑΛΙΟΥ"
24052,2434,"ΚΕΡΚΥΡΑΣ ΚΑΤΩ ΚΟΡΑΚΙΑΝΑΣ"
24054,25586,"ΚΕΡΚΥΡΑΣ ΚΕΡΚΥΡΑΙΩΝ"
25009,7917,"ΚΕΦΑΛΛΗΝΙΑΣ ΑΡΓΟΣΤΟΛΙΟΥ"
25017,478,"ΚΕΦΑΛΛΗΝΙΑΣ ΔΑΥΓΑΤΩΝ"
25018,1719,"ΚΕΦΑΛΛΗΝΙΑΣ ΔΙΛΙΝΑΤΩΝ"
25021,1212,"ΚΕΦΑΛΛΗΝΙΑΣ ΘΗΝΑΙΑΣ"
25033,929,"ΚΕΦΑΛΛΗΝΙΑΣ ΚΟΥΒΑΛΑΤΩΝ"
25034,501,"ΚΕΦΑΛΛΗΝΙΑΣ ΚΟΥΡΟΥΚΛΑΤΩΝ"
25037,5015,"ΚΕΦΑΛΛΗΝΙΑΣ ΛΗΞΟΥΡΙΟΥ"
25065,982,"ΚΕΦΑΛΛΗΝΙΑΣ ΣΟΥΛΛΑΡΩΝ"
25071,2487,"ΚΕΦΑΛΛΗΝΙΑΣ ΦΑΡΑΚΛΑΤΩΝ"
25072,916,"ΚΕΦΑΛΛΗΝΙΑΣ ΦΑΡΣΩΝ"
26003,1563,"ΚΙΛΚΙΣ ΑΓΙΟΥ ΠΕΤΡΟΥ"
26010,1036,"ΚΙΛΚΙΣ ΑΞΙΟΧΩΡΙΟΥ"
26011,999,"ΚΙΛΚΙΣ ΑΣΠΡΟΥ"
26026,1625,"ΚΙΛΚΙΣ ΕΥΡΩΠΟΥ"
26035,17917,"ΚΙΛΚΙΣ ΚΙΛΚΙΣ"
26048,431,"ΚΙΛΚΙΣ ΜΕΣΙΑΣ"
26059,876,"ΚΙΛΚΙΣ ΠΕΥΚΟΔΑΣΟΥΣ"
26062,5935,"ΚΙΛΚΙΣ ΠΟΛΥΚΑΣΤΡΟΥ"
26063,501,"ΚΙΛΚΙΣ ΠΟΛΥΠΕΤΡΟΥ"
26066,1687,"ΚΙΛΚΙΣ ΡΥΖΙΩΝ"
27005,817,"ΚΟΖΑΝΗΣ ΑΓΙΟΥ ΧΡΙΣΤΟΦΟΡΟΥ"
27057,27735,"ΚΟΖΑΝΗΣ ΚΟΖΑΝΗΣ"
27093,805,"ΚΟΖΑΝΗΣ ΟΛΥΜΠΙΑΔΟΣ"
27098,1466,"ΚΟΖΑΝΗΣ ΠΕΡΔΙΚΚΑ"
27112,22001,"ΚΟΖΑΝΗΣ ΠΤΟΛΕΜΑΙΔΟΣ"
28014,2330,"ΚΟΡΙΝΘΙΑΣ ΑΣΣΟΥ"
28016,1634,"ΚΟΡΙΝΘΙΑΣ ΒΕΛΟΥ-ΝΕΡΑΝΤΖΗΣ(ΚΟΙΝ. ΝΕΡΑΝΤΖΗΣ)"
28017,1457,"ΚΟΡΙΝΘΙΑΣ ΒΟΧΑΪΚΟΥ"
28018,4774,"ΚΟΡΙΝΘΙΑΣ ΒΡΑΧΑΤΙΟΥ"
28034,3619,"ΚΟΡΙΝΘΙΑΣ ΖΕΥΓΟΛΑΤΕΙΟΥ"
28046,1676,"ΚΟΡΙΝΘΙΑΣ ΚΑΤΩ ΑΣΣΟΥ"
28054,2183,"ΚΟΡΙΝΘΙΑΣ ΚΟΚΚΩΝΙΟΥ"
28055,19139,"ΚΟΡΙΝΘΙΑΣ ΚΟΡΙΝΘΟΥ"
28066,2963,"ΚΟΡΙΝΘΙΑΣ ΛΕΧΑΙΟΥ"
28090,1950,"ΚΟΡΙΝΘΙΑΣ ΠΕΡΙΓΙΑΛΙΟΥ"
29006,1133,"ΚΥΚΛΑΔΩΝ ΑΚΡΩΤΗΡΙΟΥ"
29015,2942,"ΚΥΚΛΑΔΩΝ ΑΝΩ ΣΥΡΟΥ"
29018,4036,"ΚΥΚΛΑΔΩΝ ΑΠΟΛΛΩΝΙΑΣ"
29022,2179,"ΚΥΚΛΑΔΩΝ ΑΡΤΕΜΩΝΟΣ"
29024,3268,"ΚΥΚΛΑΔΩΝ ΒΑΡΗΣ"
29033,809,"ΚΥΚΛΑΔΩΝ ΓΑΛΗΣΣΑ"
29042,3866,"ΚΥΚΛΑΔΩΝ ΕΜΠΟΡΕΙΟΥ"
29044,1575,"ΚΥΚΛΑΔΩΝ ΕΠΙΣΚΟΠΗΣ ΓΩΝΙΑ"
29045,8480,"ΚΥΚΛΑΔΩΝ ΕΡΜΟΥΠΟΛΕΩΣ"
29061,2641,"ΚΥΚΛΑΔΩΝ ΚΙΜΩΛΟΥ"
29075,2524,"ΚΥΚΛΑΔΩΝ ΜΑΝΝΑ"
29077,1406,"ΚΥΚΛΑΔΩΝ ΜΕΓΑΛΟΧΩΡΙΟΥ"
29082,7661,"ΚΥΚΛΑΔΩΝ ΜΗΛΟΥ"
29085,8666,"ΚΥΚΛΑΔΩΝ ΜΥΚΟΝΙΩΝ"
29090,1154,"ΚΥΚΛΑΔΩΝ ΠΑΓΟΥ"
29096,1669,"ΚΥΚΛΑΔΩΝ ΠΟΣΕΙΔΩΝΙΑΣ"
29098,1320,"ΚΥΚΛΑΔΩΝ ΠΥΡΓΟΥ ΚΑΛΛΙΣΤΗΣ"
29113,1231,"ΚΥΚΛΑΔΩΝ ΦΟΙΝΙΚΟΣ"
29116,571,"ΚΥΚΛΑΔΩΝ ΧΡΟΥΣΩΝ"
30008,1049,"ΛΑΚΩΝΙΑΣ ΑΓΙΟΥ ΙΩΑΝΝΟΥ (ΛΑΚΕΔΑΙΜΟΝΟΣ)"
30030,1109,"ΛΑΚΩΝΙΑΣ ΑΦΙΣΙΟΥ"
30048,6065,"ΛΑΚΩΝΙΑΣ ΓΥΘΕΙΟΥ"
30075,644,"ΛΑΚΩΝΙΑΣ ΚΛΑΔΑ"
30088,428,"ΛΑΚΩΝΙΑΣ ΛΑΓΙΟΥ"
30096,1670,"ΛΑΚΩΝΙΑΣ ΜΑΓΟΥΛΑΣ"
30104,1536,"ΛΑΚΩΝΙΑΣ ΜΥΣΤΡΑ"
30115,626,"ΛΑΚΩΝΙΑΣ ΠΑΡΟΡΕΙΟΥ"
30128,6461,"ΛΑΚΩΝΙΑΣ ΣΚΑΛΑΣ"
30134,14416,"ΛΑΚΩΝΙΑΣ ΣΠΑΡΤΙΑΤΩΝ"
31013,4929,"ΛΑΡΙΣΑΣ ΑΜΠΕΛΩΝΟΣ"
31018,1575,"ΛΑΡΙΣΑΣ ΑΡΓΥΡΟΠΟΥΛΕΙΟΥ"
31032,5378,"ΛΑΡΙΣΑΣ ΓΙΑΝΝΟΥΛΗΣ"
31081,80102,"ΛΑΡΙΣΑΣ ΛΑΡΙΣΗΣ"
31152,7923,"ΛΑΡΙΣΑΣ ΤΥΡΝΑΒΟΥ"
31154,2859,"ΛΑΡΙΣΑΣ ΦΑΛΑΝΝΗΣ"
32008,8569,"ΛΑΣΙΘΙΟΥ ΑΓΙΟΥ ΝΙΚΟΛΑΟΥ"
32019,2842,"ΛΑΣΙΘΙΟΥ ΕΛΟΥΝΤΑΣ"
33001,1244,"ΛΕΣΒΟΥ ΑΓΙΑΣ ΜΑΡΙΝΗΣ"
33009,1204,"ΛΕΣΒΟΥ ΑΛΥΦΑΝΤΩΝ"
33033,1099,"ΛΕΣΒΟΥ ΚΑΤΩ ΤΡΙΤΟΥΣ"
33045,1611,"ΛΕΣΒΟΥ ΛΟΥΤΡΩΝ"
33049,2156,"ΛΕΣΒΟΥ ΜΕΣΑΓΡΟΥ"
33053,1900,"ΛΕΣΒΟΥ ΜΟΡΙΑΣ"
33056,19164,"ΛΕΣΒΟΥ ΜΥΤΙΛΗΝΗΣ"
33062,1844,"ΛΕΣΒΟΥ ΠΑΛΑΙΟΚΗΠΟΥ"
33066,647,"ΛΕΣΒΟΥ ΠΑΝΑΓΙΟΥΔΑΣ"
33067,2543,"ΛΕΣΒΟΥ ΠΑΠΠΑΔΟΥ"
33070,1707,"ΛΕΣΒΟΥ ΠΕΡΑΜΑΤΟΣ"
33074,1326,"ΛΕΣΒΟΥ ΠΛΑΚΑΔΟΥ"
33094,522,"ΛΕΣΒΟΥ ΤΑΞΙΑΡΧΩΝ"
34005,2225,"ΛΕΥΚΑΔΑΣ ΑΛΕΞΑΝΔΡΟΥ"
34006,1831,"ΛΕΥΚΑΔΑΣ ΑΠΟΛΠΑΙΝΗΣ"
34008,508,"ΛΕΥΚΑΔΑΣ ΒΑΥΚΕΡΗΣ"
34019,1115,"ΛΕΥΚΑΔΑΣ ΚΑΡΙΩΤΩΝ"
34020,2152,"ΛΕΥΚΑΔΑΣ ΚΑΡΥΑΣ"
34022,2046,"ΛΕΥΚΑΔΑΣ ΚΑΤΟΥΝΗΣ"
34026,7686,"ΛΕΥΚΑΔΑΣ ΛΕΥΚΑΔΟΣ"
34031,1454,"ΛΕΥΚΑΔΑΣ ΝΥΔΡΙΟΥ"
34032,709,"ΛΕΥΚΑΔΑΣ ΠΗΓΑΔΗΣΑΝΩΝ"
34033,882,"ΛΕΥΚΑΔΑΣ ΠΛΑΤΥΣΤΟΜΩΝ"
34036,2793,"ΛΕΥΚΑΔΑΣ ΣΦΑΚΙΩΤΩΝ"
34037,1270,"ΛΕΥΚΑΔΑΣ ΤΣΟΥΚΑΛΑΔΩΝ"
35014,2946,"ΜΑΓΝΗΣΙΑΣ ΑΛΟΝΝΗΣΟΥ"
35057,8673,"ΜΑΓΝΗΣΙΑΣ ΝΕΑΣ ΑΓΧΙΑΛΟΥ"
35071,5729,"ΜΑΓΝΗΣΙΑΣ ΣΚΙΑΘΟΥ"
36031,772,"ΜΕΣΣΗΝΙΑΣ ΑΝΤΙΚΑΛΑΜΟΥ"
36044,1931,"ΜΕΣΣΗΝΙΑΣ ΑΣΠΡΟΧΩΜΑΤΟΣ"
36074,733,"ΜΕΣΣΗΝΙΑΣ ΕΛΑΙΟΧΩΡΙΟΥ"
36084,1346,"ΜΕΣΣΗΝΙΑΣ ΘΟΥΡΙΑΣ"
36088,36823,"ΜΕΣΣΗΝΙΑΣ ΚΑΛΑΜΑΤΑΣ"
36104,883,"ΜΕΣΣΗΝΙΑΣ ΚΑΡΤΕΡΟΛΙΟΥ"
36135,1774,"ΜΕΣΣΗΝΙΑΣ ΛΑΙΙΚΩΝ"
36160,819,"ΜΕΣΣΗΝΙΑΣ ΜΑΥΡΟΜΜΑΤΙΟΥ ΠΑΜΙΣΟΥ"
36166,6158,"ΜΕΣΣΗΝΙΑΣ ΜΕΣΣΗΝΗΣ"
36173,957,"ΜΕΣΣΗΝΙΑΣ ΜΙΚΡΟΜΑΝΗΣ"
36207,322,"ΜΕΣΣΗΝΙΑΣ ΠΙΠΕΡΙΤΣΗΣ"
36240,1627,"ΜΕΣΣΗΝΙΑΣ ΣΠΕΡΧΟΓΕΙΑΣ"
37001,991,"ΞΑΝΘΗΣ ΑΒΑΤΟΥ"
37004,2042,"ΞΑΝΘΗΣ ΓΕΝΙΣΕΑΣ"
37007,4341,"ΞΑΝΘΗΣ ΔΙΟΜΗΔΕΙΑΣ"
37009,1307,"ΞΑΝΘΗΣ ΕΡΑΣΜΙΟΥ"
37011,2924,"ΞΑΝΘΗΣ ΕΥΜΟΙΡΟΥ"
37015,2753,"ΞΑΝΘΗΣ ΚΙΜΜΕΡΙΩΝ"
37019,810,"ΞΑΝΘΗΣ ΜΑΓΓΑΝΩΝ"
37020,958,"ΞΑΝΘΗΣ ΜΑΓΙΚΟΥ"
37026,28950,"ΞΑΝΘΗΣ ΞΑΝΘΗΣ"
37029,1029,"ΞΑΝΘΗΣ ΠΗΓΑΔΙΩΝ"
38029,13060,"ΠΕΛΛΑΣ ΕΔΕΣΣΗΣ"
39019,37505,"ΠΙΕΡΙΑΣ ΚΑΤΕΡΙΝΗΣ"
39030,2894,"ΠΙΕΡΙΑΣ ΜΑΚΡΥΓΙΑΛΟΥ"
39031,1598,"ΠΙΕΡΙΑΣ ΜΕΘΩΝΗΣ"
39035,416,"ΠΙΕΡΙΑΣ ΝΕΑΣ ΑΓΑΘΟΥΠΟΛΕΩΣ"
40016,2507,"ΠΡΕΒΕΖΑΣ ΘΕΣΠΡΩΤΙΚΟΥ"
40038,834,"ΠΡΕΒΕΖΑΣ ΝΕΑΣ ΚΕΡΑΣΟΥΝΤΟΣ"
40048,922,"ΠΡΕΒΕΖΑΣ ΠΕΤΡΑΣ"
40050,15832,"ΠΡΕΒΕΖΑΣ ΠΡΕΒΕΖΗΣ"
40054,360,"ΠΡΕΒΕΖΑΣ ΡΩΜΙΑΣ"
40058,781,"ΠΡΕΒΕΖΑΣ ΣΤΕΦΑΝΗΣ"
40061,3708,"ΠΡΕΒΕΖΑΣ ΦΙΛΙΠΠΙΑΔΟΣ"
41012,1773,"ΡΕΘΥΜΝΗΣ ΑΔΕΛΕ"
41026,740,"ΡΕΘΥΜΝΗΣ ΑΡΓΥΡΟΥΠΟΛΕΩΣ"
41028,1549,"ΡΕΘΥΜΝΗΣ ΑΡΜΕΝΩΝ"
41031,3891,"ΡΕΘΥΜΝΗΣ ΑΤΣΙΠΟΠΟΥΛΟΥ"
41041,894,"ΡΕΘΥΜΝΗΣ ΓΕΡΑΝΙΟΥ"
41050,2235,"ΡΕΘΥΜΝΗΣ ΕΠΙΣΚΟΠΗΣ (ΡΕΘΥΜΝΗΣ)"
41082,971,"ΡΕΘΥΜΝΗΣ ΜΑΡΟΥΛΑ"
41108,311,"ΡΕΘΥΜΝΗΣ ΠΡΑΣΙΩΝ"
41109,1448,"ΡΕΘΥΜΝΗΣ ΠΡΙΝΕ"
41111,20292,"ΡΕΘΥΜΝΗΣ ΡΕΘΥΜΝΗΣ"
41114,880,"ΡΕΘΥΜΝΗΣ ΡΟΥΣΣΟΣΠΙΤΙΟΥ"
41129,895,"ΡΕΘΥΜΝΗΣ ΧΡΟΜΟΝΑΣΤΗΡΙΟΥ"
42002,1707,"ΡΟΔΟΠΗΣ ΑΙΓΕΙΡΟΥ"
42017,29695,"ΡΟΔΟΠΗΣ ΚΟΜΟΤΗΝΗΣ"
42022,4681,"ΡΟΔΟΠΗΣ ΜΕΣΗΣ (ΠΑΓΟΥΡΙΩΝ)"
43040,4091,"ΣΑΜΟΥ ΣΑΜΙΩΝ"
44043,952,"ΣΕΡΡΩΝ ΕΠΤΑΜΥΛΩΝ"
44070,2431,"ΣΕΡΡΩΝ ΛΕΥΚΩΝΟΣ"
44100,1150,"ΣΕΡΡΩΝ ΝΕΟΧΩΡΙΟΥ (ΣΕΡΡΩΝ)"
44121,41735,"ΣΕΡΡΩΝ ΣΕΡΡΩΝ"
45001,580,"ΤΡΙΚΑΛΩΝ ΑΓΙΑΣ ΚΥΡΙΑΚΗΣ"
45027,500,"ΤΡΙΚΑΛΩΝ ΓΛΙΝΟΥ"
45081,2304,"ΤΡΙΚΑΛΩΝ ΜΕΓΑΛΩΝ ΚΑΛΥΒΙΩΝ"
45103,757,"ΤΡΙΚΑΛΩΝ ΠΑΤΟΥΛΙΑΣ"
45125,520,"ΤΡΙΚΑΛΩΝ ΣΕΡΒΩΤΩΝ"
45130,39636,"ΤΡΙΚΑΛΩΝ ΤΡΙΚΚΑΙΩΝ"
46007,6474,"ΦΘΙΩΤΙΔΑΣ ΑΓΙΟΥ ΚΩΝΣΤΑΝΤΙΝΟΥ"
46020,3462,"ΦΘΙΩΤΙΔΑΣ ΑΡΚΙΤΣΑΣ"
46023,4930,"ΦΘΙΩΤΙΔΑΣ ΑΤΑΛΑΝΤΗΣ"
46079,617,"ΦΘΙΩΤΙΔΑΣ ΚΥΠΑΡΙΣΣΙΟΥ"
46089,2724,"ΦΘΙΩΤΙΔΑΣ ΛΙΒΑΝΑΤΩΝ"
46099,9451,"ΦΘΙΩΤΙΔΑΣ ΜΑΛΕΣΙΝΗΣ"
46102,1774,"ΦΘΙΩΤΙΔΑΣ ΜΑΡΤΙΝΟΥ"
46155,665,"ΦΘΙΩΤΙΔΑΣ ΠΡΟΣΚΥΝΑ"
46174,1376,"ΦΘΙΩΤΙΔΑΣ ΤΡΑΓΑΝΑΣ"
47002,127,"ΦΛΩΡΙΝΑΣ ΑΓΙΟΥ ΑΧΙΛΛΕΙΟΥ"
47011,3501,"ΦΛΩΡΙΝΑΣ ΑΜΥΝΤΑΙΟΥ"
47013,477,"ΦΛΩΡΙΝΑΣ ΑΝΤΑΡΤΙΚΟΥ"
47022,516,"ΦΛΩΡΙΝΑΣ ΒΑΛΤΟΝΕΡΩΝ"
47031,327,"ΦΛΩΡΙΝΑΣ ΚΑΛΛΙΘΕΑΣ"
47043,574,"ΦΛΩΡΙΝΑΣ ΛΑΙΜΟΥ"
47044,1131,"ΦΛΩΡΙΝΑΣ ΛΕΒΑΙΑΣ"
47046,378,"ΦΛΩΡΙΝΑΣ ΛΕΥΚΩΝΟΣ"
47065,551,"ΦΛΩΡΙΝΑΣ ΠΕΔΙΝΟΥ"
47070,165,"ΦΛΩΡΙΝΑΣ ΠΛΑΤΕΟΣ"
47087,1793,"ΦΛΩΡΙΝΑΣ ΦΙΛΩΤΑ"
47089,12846,"ΦΛΩΡΙΝΑΣ ΦΛΩΡΙΝΗΣ"
48003,472,"ΦΩΚΙΔΑΣ ΑΓΙΟΥ ΓΕΩΡΓΙΟΥ"
48004,375,"ΦΩΚΙΔΑΣ ΑΓΙΟΥ ΚΩΝΣΤΑΝΤΙΝΟΥ"
48009,5794,"ΦΩΚΙΔΑΣ ΑΜΦΙΣΣΗΣ"
48032,3671,"ΦΩΚΙΔΑΣ ΙΤΕΑΣ"
48042,1673,"ΦΩΚΙΔΑΣ ΚΙΡΡΑΣ"
48077,1173,"ΦΩΚΙΔΑΣ ΣΕΡΝΙΚΑΚΙΟΥ"
48091,2115,"ΦΩΚΙΔΑΣ ΧΡΙΣΣΟΥ"
49040,3947,"ΧΑΛΚΙΔΙΚΗΣ ΝΕΟΥ ΜΑΡΜΑΡΑ"
49057,14380,"ΧΑΛΚΙΔΙΚΗΣ ΠΟΛΥΓΥΡΟΥ"
49063,1948,"ΧΑΛΚΙΔΙΚΗΣ ΣΑΡΤΗΣ"
49069,7947,"ΧΑΛΚΙΔΙΚΗΣ ΣΥΚΕΑΣ"
50074,7696,"ΧΑΝΙΩΝ ΚΟΥΝΟΥΠΙΔΙΑΝΩΝ"
50089,3995,"ΧΑΝΙΩΝ ΜΟΥΡΝΙΩΝ"
50090,6947,"ΧΑΝΙΩΝ ΝΕΑΣ ΚΥΔΩΝΙΑΣ"
50094,3536,"ΧΑΝΙΩΝ ΝΕΡΟΚΟΥΡΟΥ"
50110,2966,"ΧΑΝΙΩΝ ΠΕΡΙΒΟΛΙΩΝ (ΚΥΔΩΝΙΑΣ)"
50134,3480,"ΧΑΝΙΩΝ ΣΟΥΔΑΣ"
50150,32627,"ΧΑΝΙΩΝ ΧΑΝΙΩΝ"
51004,4705,"ΧΙΟΥ ΑΝΕΜΩΝΑ"
51010,4099,"ΧΙΟΥ ΘΥΜΙΑΝΩΝ"
51011,2748,"ΧΙΟΥ ΙΩΝΙΑΣ"
51013,3655,"ΧΙΟΥ ΚΑΜΠΟΧΩΡΩΝ"
51020,3150,"ΧΙΟΥ ΜΑΣΤΙΧΟΧΩΡΙΩΝ"
51025,1605,"ΧΙΟΥ ΝΕΟΧΩΡΙΟΥ"
51040,16911,"ΧΙΟΥ ΧΙΟΥ"
