41111,31056,"ΡΕΘΥΜΝΗΣ ΡΕΘΥΜΝΗΣ"
05028,45589,"ΑΤΤΙΚΗΣ ΑΧΑΡΝΩΝ"
40061,3349,"ΠΡΕΒΕΖΑΣ ΦΙΛΙΠΠΙΑΔΟΣ"
09025,51,"ΔΡΑΜΑΣ ΚΕΦΑΛΑΡΙΟΥ"
05104,75390,"ΑΤΤΙΚΗΣ ΝΕΑΣ ΣΜΥΡΝΗΣ"
05071,46910,"ΑΤΤΙΚΗΣ ΚΟΡΥΔΑΛΛΟΥ"
45130,36601,"ΤΡΙΚΑΛΩΝ ΤΡΙΚΚΑΙΩΝ"
45103,11,"ΤΡΙΚΑΛΩΝ ΠΑΤΟΥΛΙΑΣ"
45081,117,"ΤΡΙΚΑΛΩΝ ΜΕΓΑΛΩΝ ΚΑΛΥΒΙΩΝ"
19047,66985,"ΘΕΣΣΑΛΟΝΙΚΗΣ ΚΑΛΑΜΑΡΙΑΣ"
19094,13630,"ΘΕΣΣΑΛΟΝΙΚΗΣ ΠΕΡΑΙΑΣ"
06167,141866,"ΑΧΑΙΑΣ ΠΑΤΡΕΩΝ"
39030,626,"ΠΙΕΡΙΑΣ ΜΑΚΡΥΓΙΑΛΟΥ"
05116,160223,"ΑΤΤΙΚΗΣ ΠΕΙΡΑΙΩΣ"
05148,32163,"ΑΤΤΙΚΗΣ ΧΟΛΑΡΓΟΥ"
05121,46450,"ΑΤΤΙΚΗΣ ΠΕΤΡΟΥΠΟΛΕΩΣ"
31013,772,"ΛΑΡΙΣΑΣ ΑΜΠΕΛΩΝΟΣ"
05054,63903,"ΑΤΤΙΚΗΣ ΗΛΙΟΥΠΟΛΕΩΣ"
05041,90619,"ΑΤΤΙΚΗΣ ΓΛΥΦΑΔΑΣ"
47022,14,"ΦΛΩΡΙΝΑΣ ΒΑΛΤΟΝΕΡΩΝ"
47065,15,"ΦΛΩΡΙΝΑΣ ΠΕΔΙΝΟΥ"
25071,374,"ΚΕΦΑΛΛΗΝΙΑΣ ΦΑΡΑΚΛΑΤΩΝ"
05103,1894,"ΑΤΤΙΚΗΣ ΝΕΑΣ ΠΕΡΑΜΟΥ"
29085,5088,"ΚΥΚΛΑΔΩΝ ΜΥΚΟΝΙΩΝ"
34037,134,"ΛΕΥΚΑΔΑΣ ΤΣΟΥΚΑΛΑΔΩΝ"
34019,190,"ΛΕΥΚΑΔΑΣ ΚΑΡΙΩΤΩΝ"
23040,359,"ΚΑΣΤΟΡΙΑΣ ΜΑΥΡΟΧΩΡΙΟΥ"
19117,7271,"ΘΕΣΣΑΛΟΝΙΚΗΣ ΤΡΙΑΝΔΡΙΑΣ"
19125,10022,"ΘΕΣΣΑΛΟΝΙΚΗΣ ΩΡΑΙΟΚΑΣΤΡΟΥ"
34020,249,"ΛΕΥΚΑΔΑΣ ΚΑΡΥΑΣ"
34032,38,"ΛΕΥΚΑΔΑΣ ΠΗΓΑΔΗΣΑΝΩΝ"
01021,1159,"ΑΙΤΩΛΙΑΣ ΚΑΙ ΑΚΑΡΝΑΝΙΑΣ ΑΙΤΩΛΙΚΟΥ"
01003,244,"ΑΙΤΩΛΙΑΣ ΚΑΙ ΑΚΑΡΝΑΝΙΑΣ ΑΓΓΕΛΟΚΑΣΤΡΟΥ"
02032,134,"ΑΡΓΟΛΙΔΑΣ ΚΕΦΑΛΑΡΙΟΥ"
29090,142,"ΚΥΚΛΑΔΩΝ ΠΑΓΟΥ"
04029,127,"ΑΡΤΑΣ ΚΑΜΠΗΣ"
05020,11836,"ΑΤΤΙΚΗΣ ΑΝΩ ΛΙΟΣΙΩΝ"
41026,87,"ΡΕΘΥΜΝΗΣ ΑΡΓΥΡΟΥΠΟΛΕΩΣ"
41129,66,"ΡΕΘΥΜΝΗΣ ΧΡΟΜΟΝΑΣΤΗΡΙΟΥ"
41028,138,"ΡΕΘΥΜΝΗΣ ΑΡΜΕΝΩΝ"
20285,2090,"ΙΩΑΝΝΙΝΩΝ ΣΤΑΥΡΑΚΙΟΥ"
20139,2145,"ΙΩΑΝΝΙΝΩΝ ΚΑΤΣΙΚΑ"
48009,4084,"ΦΩΚΙΔΑΣ ΑΜΦΙΣΣΗΣ"
50134,1996,"ΧΑΝΙΩΝ ΣΟΥΔΑΣ"
29042,984,"ΚΥΚΛΑΔΩΝ ΕΜΠΟΡΕΙΟΥ"
07057,104,"ΒΟΙΩΤΙΑΣ ΠΑΥΛΟΥ"
28090,602,"ΚΟΡΙΝΘΙΑΣ ΠΕΡΙΓΙΑΛΙΟΥ"
19073,5,"ΘΕΣΣΑΛΟΝΙΚΗΣ ΜΟΔΙΟΥ"
35014,316,"ΜΑΓΝΗΣΙΑΣ ΑΛΟΝΝΗΣΟΥ"
51013,264,"ΧΙΟΥ ΚΑΜΠΟΧΩΡΩΝ"
05048,3459,"ΑΤΤΙΚΗΣ ΕΚΑΛΗΣ"
02012,320,"ΑΡΓΟΛΙΔΑΣ ΑΣΙΝΗΣ"
05087,1615,"ΑΤΤΙΚΗΣ ΜΑΡΑΘΩΝΟΣ"
05105,21299,"ΑΤΤΙΚΗΣ ΝΕΑΣ ΦΙΛΑΔΕΛΦΕΙΑΣ"
30115,44,"ΛΑΚΩΝΙΑΣ ΠΑΡΟΡΕΙΟΥ"
21005,31,"ΚΑΒΑΛΑΣ ΑΚΡΟΠΟΤΑΜΟΥ"
21028,55,"ΚΑΒΑΛΑΣ ΚΕΧΡΟΚΑΜΠΟΥ"
21039,15,"ΚΑΒΑΛΑΣ ΜΕΣΙΑΣ"
21057,11,"ΚΑΒΑΛΑΣ ΠΛΑΤΑΜΩΝΟΣ"
21050,12,"ΚΑΒΑΛΑΣ ΠΑΛΑΙΑΣ ΚΑΒΑΛΑΣ"
44070,717,"ΣΕΡΡΩΝ ΛΕΥΚΩΝΟΣ"
26062,3314,"ΚΙΛΚΙΣ ΠΟΛΥΚΑΣΤΡΟΥ"
05011,51957,"ΑΤΤΙΚΗΣ ΑΙΓΑΛΕΩ"
03157,798,"ΑΡΚΑΔΙΑΣ ΞΗΡΟΠΗΓΑΔΟΥ"
46023,2607,"ΦΘΙΩΤΙΔΑΣ ΑΤΑΛΑΝΤΗΣ"
46102,299,"ΦΘΙΩΤΙΔΑΣ ΜΑΡΤΙΝΟΥ"
46020,631,"ΦΘΙΩΤΙΔΑΣ ΑΡΚΙΤΣΑΣ"
46007,2802,"ΦΘΙΩΤΙΔΑΣ ΑΓΙΟΥ ΚΩΝΣΤΑΝΤΙΝΟΥ"
19044,295404,"ΘΕΣΣΑΛΟΝΙΚΗΣ ΘΕΣΣΑΛΟΝΙΚΗΣ"
09030,183,"ΔΡΑΜΑΣ Μ. ΑΛΕΞΑΝΔΡΟΥ"
45027,25,"ΤΡΙΚΑΛΩΝ ΓΛΙΝΟΥ"
05014,89152,"ΑΤΤΙΚΗΣ ΑΜΑΡΟΥΣΙΟΥ"
37026,35407,"ΞΑΝΘΗΣ ΞΑΝΘΗΣ"
19079,2000,"ΘΕΣΣΑΛΟΝΙΚΗΣ ΝΕΑΣ ΡΑΙΔΕΣΤΟΥ"
21018,2099,"ΚΑΒΑΛΑΣ ΕΛΕΥΘΕΡΟΥΠΟΛΕΩΣ"
19034,15213,"ΘΕΣΣΑΛΟΝΙΚΗΣ ΕΛΕΥΘΕΡΙΟΥ ΚΟΡΔΕΛΙΟΥ"
50110,936,"ΧΑΝΙΩΝ ΠΕΡΙΒΟΛΙΩΝ (ΚΥΔΩΝΙΑΣ)"
26003,110,"ΚΙΛΚΙΣ ΑΓΙΟΥ ΠΕΤΡΟΥ"
04080,593,"ΑΡΤΑΣ ΦΙΛΟΘΕΗΣ"
29045,7775,"ΚΥΚΛΑΔΩΝ ΕΡΜΟΥΠΟΛΕΩΣ"
28055,21044,"ΚΟΡΙΝΘΙΑΣ ΚΟΡΙΝΘΟΥ"
18011,87,"ΘΕΣΠΡΩΤΙΑΣ ΑΣΠΡΟΚΚΛΗΣΙΟΥ"
31154,401,"ΛΑΡΙΣΑΣ ΦΑΛΑΝΝΗΣ"
38029,13528,"ΠΕΛΛΑΣ ΕΔΕΣΣΗΣ"
22056,28196,"ΚΑΡΔΙΤΣΑΣ ΚΑΡΔΙΤΣΗΣ"
30088,18,"ΛΑΚΩΝΙΑΣ ΛΑΓΙΟΥ"
05101,10098,"ΑΤΤΙΚΗΣ ΝΕΑΣ ΜΑΚΡΗΣ"
14040,414,"ΖΑΚΥΝΘΟΥ ΠΑΝΤΟΚΡΑΤΟΡΟΣ"
20023,7925,"ΙΩΑΝΝΙΝΩΝ ΑΝΑΤΟΛΗΣ"
34006,263,"ΛΕΥΚΑΔΑΣ ΑΠΟΛΠΑΙΝΗΣ"
34026,6311,"ΛΕΥΚΑΔΑΣ ΛΕΥΚΑΔΟΣ"
23025,13645,"ΚΑΣΤΟΡΙΑΣ ΚΑΣΤΟΡΙΑΣ"
23035,364,"ΚΑΣΤΟΡΙΑΣ ΛΕΥΚΗΣ"
24054,32541,"ΚΕΡΚΥΡΑΣ ΚΕΡΚΥΡΑΙΩΝ"
19101,20212,"ΘΕΣΣΑΛΟΝΙΚΗΣ ΠΟΛΙΧΝΗΣ"
02060,84,"ΑΡΓΟΛΙΔΑΣ ΣΚΑΦΙΔΑΚΙΟΥ"
02048,455,"ΑΡΓΟΛΙΔΑΣ ΜΥΛΩΝ"
29022,108,"ΚΥΚΛΑΔΩΝ ΑΡΤΕΜΩΝΟΣ"
29113,415,"ΚΥΚΛΑΔΩΝ ΦΟΙΝΙΚΟΣ"
29075,681,"ΚΥΚΛΑΔΩΝ ΜΑΝΝΑ"
05058,25587,"ΑΤΤΙΚΗΣ ΚΑΙΣΑΡΙΑΝΗΣ"
12035,4611,"ΕΥΒΟΙΑΣ ΒΑΣΙΛΙΚΟΥ"
40016,472,"ΠΡΕΒΕΖΑΣ ΘΕΣΠΡΩΤΙΚΟΥ"
13011,21,"ΕΥΡΥΤΑΝΙΑΣ ΑΝΙΑΔΑΣ"
05052,4075,"ΑΤΤΙΚΗΣ ΖΕΦΥΡΙΟΥ"
21067,1230,"ΚΑΒΑΛΑΣ ΦΙΛΙΠΠΩΝ"
41041,174,"ΡΕΘΥΜΝΗΣ ΓΕΡΑΝΙΟΥ"
41108,30,"ΡΕΘΥΜΝΗΣ ΠΡΑΣΙΩΝ"
49069,1134,"ΧΑΛΚΙΔΙΚΗΣ ΣΥΚΕΑΣ"
01058,85,"ΑΙΤΩΛΙΑΣ ΚΑΙ ΑΚΑΡΝΑΝΙΑΣ ΓΟΥΡΙΑΣ"
24046,2126,"ΚΕΡΚΥΡΑΣ ΚΑΝΑΛΙΟΥ"
33066,349,"ΛΕΣΒΟΥ ΠΑΝΑΓΙΟΥΔΑΣ"
29098,302,"ΚΥΚΛΑΔΩΝ ΠΥΡΓΟΥ ΚΑΛΛΙΣΤΗΣ"
29077,222,"ΚΥΚΛΑΔΩΝ ΜΕΓΑΛΟΧΩΡΙΟΥ"
28046,692,"ΚΟΡΙΝΘΙΑΣ ΚΑΤΩ ΑΣΣΟΥ"
28034,632,"ΚΟΡΙΝΘΙΑΣ ΖΕΥΓΟΛΑΤΕΙΟΥ"
51004,495,"ΧΙΟΥ ΑΝΕΜΩΝΑ"
32019,1640,"ΛΑΣΙΘΙΟΥ ΕΛΟΥΝΤΑΣ"
05096,21622,"ΑΤΤΙΚΗΣ ΜΟΣΧΑΤΟΥ"
49057,6841,"ΧΑΛΚΙΔΙΚΗΣ ΠΟΛΥΓΥΡΟΥ"
05006,4898,"ΑΤΤΙΚΗΣ ΑΓΙΟΥ ΣΤΕΦΑΝΟΥ"
05128,973,"ΑΤΤΙΚΗΣ ΡΟΔΟΠΟΛΕΩΣ (ΜΠΑΛΑΣ)"
43040,2934,"ΣΑΜΟΥ ΣΑΜΙΩΝ"
02007,70,"ΑΡΓΟΛΙΔΑΣ ΑΝΥΦΙΟΥ"
02024,21,"ΑΡΓΟΛΙΔΑΣ ΗΡΑΙΟΥ"
05056,3481,"ΑΤΤΙΚΗΣ ΘΡΑΚΟΜΑΚΕΔΟΝΩΝ"
30096,281,"ΛΑΚΩΝΙΑΣ ΜΑΓΟΥΛΑΣ"
36173,69,"ΜΕΣΣΗΝΙΑΣ ΜΙΚΡΟΜΑΝΗΣ"
30008,56,"ΛΑΚΩΝΙΑΣ ΑΓΙΟΥ ΙΩΑΝΝΟΥ (ΛΑΚΕΔΑΙΜΟΝΟΣ)"
05034,6686,"ΑΤΤΙΚΗΣ ΒΟΥΛΙΑΓΜΕΝΗΣ"
05149,8172,"ΑΤΤΙΚΗΣ ΨΥΧΙΚΟΥ"
05075,11263,"ΑΤΤΙΚΗΣ ΚΡΩΠΙΑΣ"
21031,12,"ΚΑΒΑΛΑΣ ΚΟΡΥΦΩΝ"
21036,29,"ΚΑΒΑΛΑΣ ΜΑΚΡΥΧΩΡΙΟΥ"
21032,105,"ΚΑΒΑΛΑΣ ΚΡΥΟΝΕΡΙΟΥ"
21033,37,"ΚΑΒΑΛΑΣ ΛΕΚΑΝΗΣ"
21017,9,"ΚΑΒΑΛΑΣ ΕΛΑΦΟΧΩΡΙΟΥ"
21014,2,"ΚΑΒΑΛΑΣ ΔΥΣΒΑΤΟΥ"
21071,4098,"ΚΑΒΑΛΑΣ ΧΡΥΣΟΥΠΟΛΕΩΣ"
21061,58,"ΚΑΒΑΛΑΣ ΠΟΝΤΟΛΙΒΑΔΟΥ (ΝΕΑΣ ΚΩΜΗΣ)"
21055,43,"ΚΑΒΑΛΑΣ ΠΕΤΡΟΠΗΓΗΣ"
37007,685,"ΞΑΝΘΗΣ ΔΙΟΜΗΔΕΙΑΣ"
37020,105,"ΞΑΝΘΗΣ ΜΑΓΙΚΟΥ"
46099,1997,"ΦΘΙΩΤΙΔΑΣ ΜΑΛΕΣΙΝΗΣ"
07046,5,"ΒΟΙΩΤΙΑΣ ΛΟΥΤΣΙΟΥ"
09016,836,"ΔΡΑΜΑΣ ΚΑΛΑΜΠΑΚΙΟΥ"
02051,1027,"ΑΡΓΟΛΙΔΑΣ ΝΕΑΣ ΚΙΟΥ"
16057,89,"ΗΜΑΘΙΑΣ ΤΡΙΠΟΤΑΜΟΥ"
42002,111,"ΡΟΔΟΠΗΣ ΑΙΓΕΙΡΟΥ"
05036,51856,"ΑΤΤΙΚΗΣ ΒΥΡΩΝΟΣ"
39031,260,"ΠΙΕΡΙΑΣ ΜΕΘΩΝΗΣ"
05068,63661,"ΑΤΤΙΚΗΣ ΚΕΡΑΤΣΙΝΙΟΥ"
26063,7,"ΚΙΛΚΙΣ ΠΟΛΥΠΕΤΡΟΥ"
21027,1037,"ΚΑΒΑΛΑΣ ΚΕΡΑΜΩΤΗΣ"
27112,26381,"ΚΟΖΑΝΗΣ ΠΤΟΛΕΜΑΙΔΟΣ"
18081,149,"ΘΕΣΠΡΩΤΙΑΣ ΣΑΓΙΑΔΑΣ"
15123,1230,"ΗΛΕΙΑΣ ΛΕΧΑΙΝΩΝ"
15030,40,"ΗΛΕΙΑΣ ΑΡΕΤΗΣ"
19007,5059,"ΘΕΣΣΑΛΟΝΙΚΗΣ ΑΓΙΟΥ ΠΑΥΛΟΥ"
19100,1777,"ΘΕΣΣΑΛΟΝΙΚΗΣ ΠΛΑΓΙΑΡΙΟΥ"
50094,1782,"ΧΑΝΙΩΝ ΝΕΡΟΚΟΥΡΟΥ"
05002,65804,"ΑΤΤΙΚΗΣ ΑΓΙΑΣ ΠΑΡΑΣΚΕΥΗΣ"
25017,28,"ΚΕΦΑΛΛΗΝΙΑΣ ΔΑΥΓΑΤΩΝ"
30128,1803,"ΛΑΚΩΝΙΑΣ ΣΚΑΛΑΣ"
47070,4,"ΦΛΩΡΙΝΑΣ ΠΛΑΤΕΟΣ"
19069,8104,"ΘΕΣΣΑΛΟΝΙΚΗΣ ΜΕΝΕΜΕΝΗΣ"
05099,15841,"ΑΤΤΙΚΗΣ ΝΕΑΣ ΕΡΥΘΡΑΙΑΣ"
10060,853,"ΔΩΔΕΚΑΝΗΣΟΥ ΠΑΤΜΟΥ"
15149,493,"ΗΛΕΙΑΣ ΝΕΑΣ ΜΑΝΟΛΑΔΟΣ"
15135,278,"ΗΛΕΙΑΣ ΜΑΝΟΛΑΔΟΣ"
23044,694,"ΚΑΣΤΟΡΙΑΣ ΜΕΣΟΠΟΤΑΜΙΑΣ"
34033,328,"ΛΕΥΚΑΔΑΣ ΠΛΑΤΥΣΤΟΜΩΝ"
34008,8,"ΛΕΥΚΑΔΑΣ ΒΑΥΚΕΡΗΣ"
01120,15,"ΑΙΤΩΛΙΑΣ ΚΑΙ ΑΚΑΡΝΑΝΙΑΣ ΛΥΣΙΜΑΧΕΙΑΣ"
01011,12,"ΑΙΤΩΛΙΑΣ ΚΑΙ ΑΚΑΡΝΑΝΙΑΣ ΑΓΙΟΥ ΗΛΙΑ"
29116,43,"ΚΥΚΛΑΔΩΝ ΧΡΟΥΣΩΝ"
04060,15,"ΑΡΤΑΣ ΠΑΝΤΑΝΑΣΗΣ (ΠΑΝΤΑΝΑΣΣΗΣ)"
36084,237,"ΜΕΣΣΗΝΙΑΣ ΘΟΥΡΙΑΣ"
12012,437,"ΕΥΒΟΙΑΣ ΑΓΙΟΥ ΝΙΚΟΛΑΟΥ"
05094,25041,"ΑΤΤΙΚΗΣ ΜΕΤΑΜΟΡΦΩΣΕΩΣ"
35071,2675,"ΜΑΓΝΗΣΙΑΣ ΣΚΙΑΘΟΥ"
33062,65,"ΛΕΣΒΟΥ ΠΑΛΑΙΟΚΗΠΟΥ"
33049,20,"ΛΕΣΒΟΥ ΜΕΣΑΓΡΟΥ"
40058,56,"ΠΡΕΒΕΖΑΣ ΣΤΕΦΑΝΗΣ"
41082,116,"ΡΕΘΥΜΝΗΣ ΜΑΡΟΥΛΑ"
48003,12,"ΦΩΚΙΔΑΣ ΑΓΙΟΥ ΓΕΩΡΓΙΟΥ"
22111,2,"ΚΑΡΔΙΤΣΑΣ ΠΑΛΑΙΟΧΩΡΙΟΥ"
50074,3521,"ΧΑΝΙΩΝ ΚΟΥΝΟΥΠΙΔΙΑΝΩΝ"
01125,62,"ΑΙΤΩΛΙΑΣ ΚΑΙ ΑΚΑΡΝΑΝΙΑΣ ΜΑΣΤΡΟΥ"
28054,673,"ΚΟΡΙΝΘΙΑΣ ΚΟΚΚΩΝΙΟΥ"
28016,745,"ΚΟΡΙΝΘΙΑΣ ΒΕΛΟΥ-ΝΕΡΑΝΤΖΗΣ(ΚΟΙΝ. ΝΕΡΑΝΤΖΗΣ)"
49040,3544,"ΧΑΛΚΙΔΙΚΗΣ ΝΕΟΥ ΜΑΡΜΑΡΑ"
51011,338,"ΧΙΟΥ ΙΩΝΙΑΣ"
05030,13504,"ΑΤΤΙΚΗΣ ΒΑΡΗΣ"
19045,7547,"ΘΕΣΣΑΛΟΝΙΚΗΣ ΠΡΩΗΝ ΙΩΝΙΑΣ (ΝΕΑ ΜΑΓΝΗΣΙΑ ΚΑΙ ΔΙΑΒΑΤΑ)"
05123,3898,"ΑΤΤΙΚΗΣ ΠΙΚΕΡΜΙΟΥ"
05141,8006,"ΑΤΤΙΚΗΣ ΥΜΗΤΤΟΥ"
05050,16496,"ΑΤΤΙΚΗΣ ΕΛΛΗΝΙΚΟΥ"
02040,194,"ΑΡΓΟΛΙΔΑΣ ΛΕΥΚΑΚΙΩΝ"
02059,55,"ΑΡΓΟΛΙΔΑΣ ΠΥΡΓΙΩΤΙΚΩΝ"
03008,221,"ΑΡΚΑΔΙΑΣ ΑΓΙΟΥ ΚΩΝΣΤΑΝΤΙΝΟΥ"
03144,91,"ΑΡΚΑΔΙΑΣ ΜΕΡΚΟΒΟΥΝΙΟΥ"
02053,47,"ΑΡΓΟΛΙΔΑΣ ΝΕΟΥ ΗΡΑΙΟΥ"
05086,4830,"ΑΤΤΙΚΗΣ ΜΑΝΔΡΑΣ"
05146,32369,"ΑΤΤΙΚΗΣ ΧΑΪΔΑΡΙΟΥ"
36160,75,"ΜΕΣΣΗΝΙΑΣ ΜΑΥΡΟΜΜΑΤΙΟΥ ΠΑΜΙΣΟΥ"
21041,45,"ΚΑΒΑΛΑΣ ΜΟΥΣΘΕΝΗΣ"
21009,87,"ΚΑΒΑΛΑΣ ΑΥΛΗΣ"
21070,14,"ΚΑΒΑΛΑΣ ΧΡΥΣΟΚΑΣΤΡΟΥ"
21049,455,"ΚΑΒΑΛΑΣ ΠΑΓΓΑΙΟΥ"
03027,890,"ΑΡΚΑΔΙΑΣ ΑΣΤΡΟΥΣ"
03169,4556,"ΑΡΚΑΔΙΑΣ ΠΑΡΑΛΙΟΥ ΑΣΤΡΟΥΣ"
21025,40708,"ΚΑΒΑΛΑΣ ΚΑΒΑΛΑΣ"
46174,167,"ΦΘΙΩΤΙΔΑΣ ΤΡΑΓΑΝΑΣ"
46089,617,"ΦΘΙΩΤΙΔΑΣ ΛΙΒΑΝΑΤΩΝ"
24011,2856,"ΚΕΡΚΥΡΑΣ ΑΛΕΠΟΥΣ"
16008,37500,"ΗΜΑΘΙΑΣ ΒΕΡΟΙΑΣ"
12162,45163,"ΕΥΒΟΙΑΣ ΧΑΛΚΙΔΕΩΝ"
05023,5836,"ΑΤΤΙΚΗΣ ΑΡΤΕΜΙΔΟΣ (ΛΟΥΤΣΑ)"
45001,20,"ΤΡΙΚΑΛΩΝ ΑΓΙΑΣ ΚΥΡΙΑΚΗΣ"
50150,42132,"ΧΑΝΙΩΝ ΧΑΝΙΩΝ"
39019,36901,"ΠΙΕΡΙΑΣ ΚΑΤΕΡΙΝΗΣ"
05007,25262,"ΑΤΤΙΚΗΣ ΑΓΙΩΝ ΑΝΑΡΓΥΡΩΝ"
36135,415,"ΜΕΣΣΗΝΙΑΣ ΛΑΙΙΚΩΝ"
26035,17732,"ΚΙΛΚΙΣ ΚΙΛΚΙΣ"
04063,1728,"ΑΡΤΑΣ ΠΕΤΑ"
26048,10,"ΚΙΛΚΙΣ ΜΕΣΙΑΣ"
26026,208,"ΚΙΛΚΙΣ ΕΥΡΩΠΟΥ"
21056,19,"ΚΑΒΑΛΑΣ ΠΗΓΩΝ"
21047,73,"ΚΑΒΑΛΑΣ ΞΕΡΙΑ"
21053,16,"ΚΑΒΑΛΑΣ ΠΑΡΑΔΕΙΣΟΥ"
19074,19920,"ΘΕΣΣΑΛΟΝΙΚΗΣ ΝΕΑΠΟΛΕΩΣ"
40050,16693,"ΠΡΕΒΕΖΑΣ ΠΡΕΒΕΖΗΣ"
04014,109,"ΑΡΤΑΣ ΒΛΑΧΕΡΝΗΣ"
31018,66,"ΛΑΡΙΣΑΣ ΑΡΓΥΡΟΠΟΥΛΕΙΟΥ"
19123,2104,"ΘΕΣΣΑΛΟΝΙΚΗΣ ΧΟΡΤΙΑΤΗ"
25034,7,"ΚΕΦΑΛΛΗΝΙΑΣ ΚΟΥΡΟΥΚΛΑΤΩΝ"
11007,208,"ΕΒΡΟΥ ΑΝΘΕΙΑΣ"
25033,114,"ΚΕΦΑΛΛΗΝΙΑΣ ΚΟΥΒΑΛΑΤΩΝ"
51020,820,"ΧΙΟΥ ΜΑΣΤΙΧΟΧΩΡΙΩΝ"
05109,71999,"ΑΤΤΙΚΗΣ ΝΙΚΑΙΑΣ"
12054,1463,"ΕΥΒΟΙΑΣ ΔΡΟΣΙΑΣ"
05055,41991,"ΑΤΤΙΚΗΣ ΗΡΑΚΛΕΙΟΥ"
50089,2780,"ΧΑΝΙΩΝ ΜΟΥΡΝΙΩΝ"
13038,53,"ΕΥΡΥΤΑΝΙΑΣ ΚΟΡΥΣΧΑΔΩΝ (ΚΥΨΕΛΗΣ)"
33070,57,"ΛΕΣΒΟΥ ΠΕΡΑΜΑΤΟΣ"
28018,3330,"ΚΟΡΙΝΘΙΑΣ ΒΡΑΧΑΤΙΟΥ"
40048,25,"ΠΡΕΒΕΖΑΣ ΠΕΤΡΑΣ"
41114,154,"ΡΕΘΥΜΝΗΣ ΡΟΥΣΣΟΣΠΙΤΙΟΥ"
41109,179,"ΡΕΘΥΜΝΗΣ ΠΡΙΝΕ"
05045,12319,"ΑΤΤΙΚΗΣ ΔΡΑΠΕΤΣΩΝΑΣ"
48091,150,"ΦΩΚΙΔΑΣ ΧΡΙΣΣΟΥ"
22009,99,"ΚΑΡΔΙΤΣΑΣ ΑΓΝΑΝΤΕΡΟΥ"
05102,3731,"ΑΤΤΙΚΗΣ ΝΕΑΣ ΠΕΝΤΕΛΗΣ"
33094,74,"ΛΕΣΒΟΥ ΤΑΞΙΑΡΧΩΝ"
33001,144,"ΛΕΣΒΟΥ ΑΓΙΑΣ ΜΑΡΙΝΗΣ"
33045,216,"ΛΕΣΒΟΥ ΛΟΥΤΡΩΝ"
47013,4,"ΦΛΩΡΙΝΑΣ ΑΝΤΑΡΤΙΚΟΥ"
29044,855,"ΚΥΚΛΑΔΩΝ ΕΠΙΣΚΟΠΗΣ ΓΩΝΙΑ"
28066,962,"ΚΟΡΙΝΘΙΑΣ ΛΕΧΑΙΟΥ"
07055,1493,"ΒΟΙΩΤΙΑΣ ΟΡΧΟΜΕΝΟΥ"
05003,57535,"ΑΤΤΙΚΗΣ ΑΓΙΟΥ ΔΗΜΗΤΡΙΟΥ"
32008,9077,"ΛΑΣΙΘΙΟΥ ΑΓΙΟΥ ΝΙΚΟΛΑΟΥ"
19039,5575,"ΘΕΣΣΑΛΟΝΙΚΗΣ ΕΥΚΑΡΠΙΑΣ"
05127,11194,"ΑΤΤΙΚΗΣ ΡΑΦΗΝΑΣ"
02052,255,"ΑΡΓΟΛΙΔΑΣ ΝΕΑΣ ΤΙΡΥΝΘΟΣ"
02021,28,"ΑΡΓΟΛΙΔΑΣ ΕΛΛΗΝΙΚΟΥ"
03210,74,"ΑΡΚΑΔΙΑΣ ΣΚΟΠΗΣ"
21044,682,"ΚΑΒΑΛΑΣ ΝΕΑΣ ΚΑΡΒΑΛΗΣ"
21035,6,"ΚΑΒΑΛΑΣ ΛΙΜΝΙΩΝ"
21029,25,"ΚΑΒΑΛΑΣ ΚΗΠΙΩΝ"
21058,52,"ΚΑΒΑΛΑΣ ΠΛΑΤΑΝΟΤΟΠΟΥ"
21065,33,"ΚΑΒΑΛΑΣ ΣΙΔΗΡΟΧΩΡΙΟΥ"
27057,37113,"ΚΟΖΑΝΗΣ ΚΟΖΑΝΗΣ"
09014,27837,"ΔΡΑΜΑΣ ΔΡΑΜΑΣ"
09002,608,"ΔΡΑΜΑΣ ΑΓΙΟΥ ΑΘΑΝΑΣΙΟΥ"
05118,20727,"ΑΤΤΙΚΗΣ ΠΕΡΑΜΑΤΟΣ"
16007,163,"ΗΜΑΘΙΑΣ ΒΕΡΓΙΝΗΣ"
16041,55,"ΗΜΑΘΙΑΣ ΠΑΛΑΤΙΤΣΙΩΝ"
36088,45715,"ΜΕΣΣΗΝΙΑΣ ΚΑΛΑΜΑΤΑΣ"
19111,29477,"ΘΕΣΣΑΛΟΝΙΚΗΣ ΣΤΑΥΡΟΥΠΟΛΕΩΣ"
05039,24243,"ΑΤΤΙΚΗΣ ΓΕΡΑΚΑ"
19081,1212,"ΘΕΣΣΑΛΟΝΙΚΗΣ ΝΕΟΥ ΡΥΣΙΟΥ"
19040,47561,"ΘΕΣΣΑΛΟΝΙΚΗΣ ΕΥΟΣΜΟΥ"
21046,5198,"ΚΑΒΑΛΑΣ ΝΕΑΣ ΠΕΡΑΜΟΥ"
42022,237,"ΡΟΔΟΠΗΣ ΜΕΣΗΣ (ΠΑΓΟΥΡΙΩΝ)"
05120,103760,"ΑΤΤΙΚΗΣ ΠΕΡΙΣΤΕΡΙΟΥ"
05049,15446,"ΑΤΤΙΚΗΣ ΕΛΕΥΣΙΝΟΣ"
27093,53,"ΚΟΖΑΝΗΣ ΟΛΥΜΠΙΑΔΟΣ"
18026,8996,"ΘΕΣΠΡΩΤΙΑΣ ΗΓΟΥΜΕΝΙΤΣΗΣ"
25021,49,"ΚΕΦΑΛΛΗΝΙΑΣ ΘΗΝΑΙΑΣ"
14022,172,"ΖΑΚΥΝΘΟΥ ΚΑΛΑΜΑΚΙΟΥ"
11039,58,"ΕΒΡΟΥ ΛΟΥΤΡΟΥ"
02049,14621,"ΑΡΓΟΛΙΔΑΣ ΝΑΥΠΛΙΕΩΝ"
25037,2249,"ΚΕΦΑΛΛΗΝΙΑΣ ΛΗΞΟΥΡΙΟΥ"
34022,687,"ΛΕΥΚΑΔΑΣ ΚΑΤΟΥΝΗΣ"
05107,13264,"ΑΤΤΙΚΗΣ ΝΕΟΥ ΨΥΧΙΚΟΥ"
34031,615,"ΛΕΥΚΑΔΑΣ ΝΥΔΡΙΟΥ"
01195,150,"ΑΙΤΩΛΙΑΣ ΚΑΙ ΑΚΑΡΝΑΝΙΑΣ ΣΤΑΜΝΑΣ"
01072,54,"ΑΙΤΩΛΙΑΣ ΚΑΙ ΑΚΑΡΝΑΝΙΑΣ ΕΛΛΗΝΙΚΩΝ"
02034,691,"ΑΡΓΟΛΙΔΑΣ ΚΙΒΕΡΙΟΥ"
29018,628,"ΚΥΚΛΑΔΩΝ ΑΠΟΛΛΩΝΙΑΣ"
29096,370,"ΚΥΚΛΑΔΩΝ ΠΟΣΕΙΔΩΝΙΑΣ"
29015,652,"ΚΥΚΛΑΔΩΝ ΑΝΩ ΣΥΡΟΥ"
35057,2207,"ΜΑΓΝΗΣΙΑΣ ΝΕΑΣ ΑΓΧΙΑΛΟΥ"
36031,148,"ΜΕΣΣΗΝΙΑΣ ΑΝΤΙΚΑΛΑΜΟΥ"
36240,167,"ΜΕΣΣΗΝΙΑΣ ΣΠΕΡΧΟΓΕΙΑΣ"
05004,11872,"ΑΤΤΙΚΗΣ ΑΓΙΟΥ ΙΩΑΝΝΟΥ ΡΕΝΤΗ"
05147,78052,"ΑΤΤΙΚΗΣ ΧΑΛΑΝΔΡΙΟΥ"
33074,37,"ΛΕΣΒΟΥ ΠΛΑΚΑΔΟΥ"
33033,35,"ΛΕΣΒΟΥ ΚΑΤΩ ΤΡΙΤΟΥΣ"
48004,13,"ΦΩΚΙΔΑΣ ΑΓΙΟΥ ΚΩΝΣΤΑΝΤΙΝΟΥ"
50090,3539,"ΧΑΝΙΩΝ ΝΕΑΣ ΚΥΔΩΝΙΑΣ"
28017,138,"ΚΟΡΙΝΘΙΑΣ ΒΟΧΑΪΚΟΥ"
07036,167,"ΒΟΙΩΤΙΑΣ ΚΑΣΤΡΟΥ"
49063,1074,"ΧΑΛΚΙΔΙΚΗΣ ΣΑΡΤΗΣ"
51010,999,"ΧΙΟΥ ΘΥΜΙΑΝΩΝ"
05046,6449,"ΑΤΤΙΚΗΣ ΔΡΟΣΙΑΣ"
05017,437,"ΑΤΤΙΚΗΣ ΑΝΘΟΥΣΗΣ"
02054,39,"ΑΡΓΟΛΙΔΑΣ ΝΕΟΥ ΡΟΕΙΝΟΥ"
02058,55,"ΑΡΓΟΛΙΔΑΣ ΠΥΡΓΕΛΛΑΣ"
05122,19462,"ΑΤΤΙΚΗΣ ΠΕΥΚΗΣ"
21030,297,"ΚΑΒΑΛΑΣ ΚΟΚΚΙΝΟΧΩΜΑΤΟΣ"
21007,813,"ΚΑΒΑΛΑΣ ΑΜΥΓΔΑΛΕΩΝΟΣ"
21015,59,"ΚΑΒΑΛΑΣ ΔΩΜΑΤΙΩΝ"
21072,86,"ΚΑΒΑΛΑΣ ΧΡΥΣΟΧΩΡΙΟΥ"
21068,55,"ΚΑΒΑΛΑΣ ΦΩΛΕΑΣ"
21051,211,"ΚΑΒΑΛΑΣ ΠΑΛΑΙΟΧΩΡΙΟΥ"
30075,112,"ΛΑΚΩΝΙΑΣ ΚΛΑΔΑ"
46155,3,"ΦΘΙΩΤΙΔΑΣ ΠΡΟΣΚΥΝΑ"
44043,152,"ΣΕΡΡΩΝ ΕΠΤΑΜΥΛΩΝ"
26059,83,"ΚΙΛΚΙΣ ΠΕΥΚΟΔΑΣΟΥΣ"
26010,57,"ΚΙΛΚΙΣ ΑΞΙΟΧΩΡΙΟΥ"
03054,101,"ΑΡΚΑΔΙΑΣ ΔΟΛΙΑΝΩΝ"
19104,22420,"ΘΕΣΣΑΛΟΝΙΚΗΣ ΠΥΛΑΙΑΣ"
31081,111194,"ΛΑΡΙΣΑΣ ΛΑΡΙΣΗΣ"
04010,22132,"ΑΡΤΑΣ ΑΡΤΑΙΩΝ"
46079,16,"ΦΘΙΩΤΙΔΑΣ ΚΥΠΑΡΙΣΣΙΟΥ"
09017,60,"ΔΡΑΜΑΣ ΚΑΛΑΜΩΝΟΣ"
02009,13999,"ΑΡΓΟΛΙΔΑΣ ΑΡΓΟΥΣ"
19091,9012,"ΘΕΣΣΑΛΟΝΙΚΗΣ ΠΑΝΟΡΑΜΑΤΟΣ"
51040,13992,"ΧΙΟΥ ΧΙΟΥ"
05038,50155,"ΑΤΤΙΚΗΣ ΓΑΛΑΤΣΙΟΥ"
41031,2950,"ΡΕΘΥΜΝΗΣ ΑΤΣΙΠΟΠΟΥΛΟΥ"
05033,31574,"ΑΤΤΙΚΗΣ ΒΟΥΛΑΣ"
21045,78,"ΚΑΒΑΛΑΣ ΝΕΑΣ ΚΑΡΥΑΣ"
02064,2486,"ΑΡΓΟΛΙΔΑΣ ΤΟΛΟΥ"
20119,71045,"ΙΩΑΝΝΙΝΩΝ ΙΩΑΝΝΙΤΩΝ"
19024,907,"ΘΕΣΣΑΛΟΝΙΚΗΣ ΒΑΣΙΛΙΚΩΝ"
05001,17240,"ΑΤΤΙΚΗΣ ΑΓΙΑΣ ΒΑΡΒΑΡΑΣ"
25018,84,"ΚΕΦΑΛΛΗΝΙΑΣ ΔΙΛΙΝΑΤΩΝ"
25072,108,"ΚΕΦΑΛΛΗΝΙΑΣ ΦΑΡΣΩΝ"
47046,4,"ΦΛΩΡΙΝΑΣ ΛΕΥΚΩΝΟΣ"
25065,126,"ΚΕΦΑΛΛΗΝΙΑΣ ΣΟΥΛΛΑΡΩΝ"
23051,96,"ΚΑΣΤΟΡΙΑΣ ΠΟΛΥΚΑΡΠΗΣ"
19036,683,"ΘΕΣΣΑΛΟΝΙΚΗΣ ΕΞΟΧΗΣ"
05040,7923,"ΑΤΤΙΚΗΣ ΓΛΥΚΩΝ ΝΕΡΩΝ"
29024,1027,"ΚΥΚΛΑΔΩΝ ΒΑΡΗΣ"
05053,66775,"ΑΤΤΙΚΗΣ ΖΩΓΡΑΦΟΥ"
05062,15913,"ΑΤΤΙΚΗΣ ΚΑΜΑΤΕΡΟΥ"
13050,18,"ΕΥΡΥΤΑΝΙΑΣ ΜΟΥΖΙΛΟΥ"
13036,30,"ΕΥΡΥΤΑΝΙΑΣ ΚΛΑΥΣΙΟΥ"
33067,150,"ΛΕΣΒΟΥ ΠΑΠΠΑΔΟΥ"
19011,25710,"ΘΕΣΣΑΛΟΝΙΚΗΣ ΑΜΠΕΛΟΚΗΠΩΝ"
41012,522,"ΡΕΘΥΜΝΗΣ ΑΔΕΛΕ"
48077,24,"ΦΩΚΙΔΑΣ ΣΕΡΝΙΚΑΚΙΟΥ"
22051,18,"ΚΑΡΔΙΤΣΑΣ ΚΑΛΟΓΡΙΑΝΩΝ"
24052,1427,"ΚΕΡΚΥΡΑΣ ΚΑΤΩ ΚΟΡΑΚΙΑΝΑΣ"
29006,166,"ΚΥΚΛΑΔΩΝ ΑΚΡΩΤΗΡΙΟΥ"
05015,961,"ΑΤΤΙΚΗΣ ΑΜΠΕΛΑΚΙΩΝ"
05131,809,"ΑΤΤΙΚΗΣ ΣΕΛΗΝΙΩΝ"
28014,369,"ΚΟΡΙΝΘΙΑΣ ΑΣΣΟΥ"
29082,985,"ΚΥΚΛΑΔΩΝ ΜΗΛΟΥ"
05018,2974,"ΑΤΤΙΚΗΣ ΑΝΟΙΞΕΩΣ"
05044,3367,"ΑΤΤΙΚΗΣ ΔΙΟΝΥΣΟΥ"
05135,907,"ΑΤΤΙΚΗΣ ΣΤΑΜΑΤΑΣ"
02017,127,"ΑΡΓΟΛΙΔΑΣ ΔΑΛΑΜΑΝΑΡΑΣ"
05145,1034,"ΑΤΤΙΚΗΣ ΦΥΛΗΣ"
05074,1755,"ΑΤΤΙΚΗΣ ΚΡΥΟΝΕΡΙΟΥ"
05106,8499,"ΑΤΤΙΚΗΣ ΝΕΑΣ ΧΑΛΚΗΔΟΝΟΣ"
30030,124,"ΛΑΚΩΝΙΑΣ ΑΦΙΣΙΟΥ"
36104,33,"ΜΕΣΣΗΝΙΑΣ ΚΑΡΤΕΡΟΛΙΟΥ"
21038,14,"ΚΑΒΑΛΑΣ ΜΕΛΙΣΣΟΚΟΜΕΙΟΥ"
21040,73,"ΚΑΒΑΛΑΣ ΜΕΣΟΡΟΠΗΣ"
21048,3886,"ΚΑΒΑΛΑΣ ΟΡΦΑΝΟΥ"
21022,172,"ΚΑΒΑΛΑΣ ΖΥΓΟΥ"
21008,87,"ΚΑΒΑΛΑΣ ΑΝΤΙΦΙΛΙΠΠΩΝ"
21020,24,"ΚΑΒΑΛΑΣ ΕΡΑΤΕΙΝΟΥ"
21011,64,"ΚΑΒΑΛΑΣ ΓΡΑΒΟΥΝΗΣ"
37011,1065,"ΞΑΝΘΗΣ ΕΥΜΟΙΡΟΥ"
37015,634,"ΞΑΝΘΗΣ ΚΙΜΜΕΡΙΩΝ"
26011,108,"ΚΙΛΚΙΣ ΑΣΠΡΟΥ"
03225,29833,"ΑΡΚΑΔΙΑΣ ΤΡΙΠΟΛΕΩΣ"
05035,33449,"ΑΤΤΙΚΗΣ ΒΡΙΛΗΣΙΩΝ"
45125,40,"ΤΡΙΚΑΛΩΝ ΣΕΡΒΩΤΩΝ"
37009,15,"ΞΑΝΘΗΣ ΕΡΑΣΜΙΟΥ"
19003,2326,"ΘΕΣΣΑΛΟΝΙΚΗΣ ΑΓΙΑΣ ΤΡΙΑΔΟΣ"
19043,11763,"ΘΕΣΣΑΛΟΝΙΚΗΣ ΘΕΡΜΗΣ"
33056,17232,"ΛΕΣΒΟΥ ΜΥΤΙΛΗΝΗΣ"
19114,24681,"ΘΕΣΣΑΛΟΝΙΚΗΣ ΣΥΚΕΩΝ"
44121,43286,"ΣΕΡΡΩΝ ΣΕΡΡΩΝ"
05013,43529,"ΑΤΤΙΚΗΣ ΑΛΙΜΟΥ"
05129,7936,"ΑΤΤΙΚΗΣ ΣΑΛΑΜΙΝΟΣ"
21003,56,"ΚΑΒΑΛΑΣ ΑΓΙΟΥ ΑΝΔΡΕΟΥ"
21043,2027,"ΚΑΒΑΛΑΣ ΝΕΑΣ ΗΡΑΚΛEΙΤΣΗΣ"
26066,48,"ΚΙΛΚΙΣ ΡΥΖΙΩΝ"
21001,7,"ΚΑΒΑΛΑΣ ΑΒΡΑΜΥΛΙΑΣ"
27098,336,"ΚΟΖΑΝΗΣ ΠΕΡΔΙΚΚΑ"
27005,58,"ΚΟΖΑΝΗΣ ΑΓΙΟΥ ΧΡΙΣΤΟΦΟΡΟΥ"
47087,456,"ΦΛΩΡΙΝΑΣ ΦΙΛΩΤΑ"
31032,3844,"ΛΑΡΙΣΑΣ ΓΙΑΝΝΟΥΛΗΣ"
30134,17795,"ΛΑΚΩΝΙΑΣ ΣΠΑΡΤΙΑΤΩΝ"
47044,48,"ΦΛΩΡΙΝΑΣ ΛΕΒΑΙΑΣ"
14021,5286,"ΖΑΚΥΝΘΟΥ ΖΑΚΥΝΘΙΩΝ"
05100,57809,"ΑΤΤΙΚΗΣ ΝΕΑΣ ΙΩΝΙΑΣ"
36166,3620,"ΜΕΣΣΗΝΙΑΣ ΜΕΣΣΗΝΗΣ"
34036,188,"ΛΕΥΚΑΔΑΣ ΣΦΑΚΙΩΤΩΝ"
01212,60,"ΑΙΤΩΛΙΑΣ ΚΑΙ ΑΚΑΡΝΑΝΙΑΣ ΧΡΥΣΟΒΕΡΓΙΟΥ"
29033,234,"ΚΥΚΛΑΔΩΝ ΓΑΛΗΣΣΑ"
40038,161,"ΠΡΕΒΕΖΑΣ ΝΕΑΣ ΚΕΡΑΣΟΥΝΤΟΣ"
40054,15,"ΠΡΕΒΕΖΑΣ ΡΩΜΙΑΣ"
47089,13511,"ΦΛΩΡΙΝΑΣ ΦΛΩΡΙΝΗΣ"
05142,6525,"ΑΤΤΙΚΗΣ ΦΙΛΟΘΕΗΣ"
13046,315,"ΕΥΡΥΤΑΝΙΑΣ ΜΕΓΑΛΟΥ ΧΩΡΙΟΥ"
05133,5964,"ΑΤΤΙΚΗΣ ΣΠΑΤΩΝ-ΛΟΥΤΣΑΣ"
41050,279,"ΡΕΘΥΜΝΗΣ ΕΠΙΣΚΟΠΗΣ (ΡΕΘΥΜΝΗΣ)"
48032,3674,"ΦΩΚΙΔΑΣ ΙΤΕΑΣ"
22124,71,"ΚΑΡΔΙΤΣΑΣ ΠΡΟΑΣΤΙΟΥ (ΠΑΡΑΠΡΑΣΤΑΙΝΗΣ)"
05010,1255,"ΑΤΤΙΚΗΣ ΑΙΑΝΤΕΙΟΥ"
19012,27,"ΘΕΣΣΑΛΟΝΙΚΗΣ ΑΝΑΛΗΨΕΩΣ"
01131,8729,"ΑΙΤΩΛΙΑΣ ΚΑΙ ΑΚΑΡΝΑΝΙΑΣ ΜΕΣΟΛΟΓΓΙΟΥ"
29061,501,"ΚΥΚΛΑΔΩΝ ΚΙΜΩΛΟΥ"
10071,654,"ΔΩΔΕΚΑΝΗΣΟΥ ΣΥΜΗΣ"
05114,16762,"ΑΤΤΙΚΗΣ ΠΑΛΛΗΝΗΣ"
02025,25,"ΑΡΓΟΛΙΔΑΣ ΗΡΑΣ"
02039,62,"ΑΡΓΟΛΙΔΑΣ ΛΑΛΟΥΚΑ"
05025,6268,"ΑΤΤΙΚΗΣ ΑΣΠΡΟΠΥΡΓΟΥ"
05115,13329,"ΑΤΤΙΚΗΣ ΠΑΠΑΓΟΥ"
30104,100,"ΛΑΚΩΝΙΑΣ ΜΥΣΤΡΑ"
36074,32,"ΜΕΣΣΗΝΙΑΣ ΕΛΑΙΟΧΩΡΙΟΥ"
36207,20,"ΜΕΣΣΗΝΙΑΣ ΠΙΠΕΡΙΤΣΗΣ"
05083,7751,"ΑΤΤΙΚΗΣ ΛΥΚΟΒΡΥΣΕΩΣ"
21021,50,"ΚΑΒΑΛΑΣ ΖΑΡΚΑΔΙΑΣ"
21016,112,"ΚΑΒΑΛΑΣ ΕΛΑΙΟΧΩΡΙΟΥ"
21010,29,"ΚΑΒΑΛΑΣ ΓΕΡΟΝΤΑ"
37029,75,"ΞΑΝΘΗΣ ΠΗΓΑΔΙΩΝ"
17063,75761,"ΗΡΑΚΛΕΙΟΥ ΗΡΑΚΛΕΙΟΥ"
13031,7219,"ΕΥΡΥΤΑΝΙΑΣ ΚΑΡΠΕΝΗΣΙΟΥ"
16001,260,"ΗΜΑΘΙΑΣ ΑΓΙΑΣ ΒΑΡΒΑΡΑΣ"
19099,4965,"ΘΕΣΣΑΛΟΝΙΚΗΣ ΠΕΥΚΩΝ"
37001,10,"ΞΑΝΘΗΣ ΑΒΑΤΟΥ"
37019,23,"ΞΑΝΘΗΣ ΜΑΓΓΑΝΩΝ"
02037,299,"ΑΡΓΟΛΙΔΑΣ ΚΟΥΤΣΟΠΟΔΙΟΥ"
19083,4605,"ΘΕΣΣΑΛΟΝΙΚΗΣ ΝΕΩΝ ΕΠΙΒΑΤΩΝ"
05092,23531,"ΑΤΤΙΚΗΣ ΜΕΛΙΣΣΙΩΝ"
42017,28016,"ΡΟΔΟΠΗΣ ΚΟΜΟΤΗΝΗΣ"
21019,115,"ΚΑΒΑΛΑΣ ΕΛΕΥΘΕΡΩΝ"
15177,18386,"ΗΛΕΙΑΣ ΠΥΡΓΟΥ"
05138,11472,"ΑΤΤΙΚΗΣ ΤΑΥΡΟΥ"
39035,95,"ΠΙΕΡΙΑΣ ΝΕΑΣ ΑΓΑΘΟΥΠΟΛΕΩΣ"
36044,417,"ΜΕΣΣΗΝΙΑΣ ΑΣΠΡΟΧΩΜΑΤΟΣ"
11003,37256,"ΕΒΡΟΥ ΑΛΕΞΑΝΔΡΟΥΠΟΛΕΩΣ"
21002,38,"ΚΑΒΑΛΑΣ ΑΓΙΑΣΜΑΤΟΣ"
18095,1015,"ΘΕΣΠΡΩΤΙΑΣ ΦΙΛΙΑΤΩΝ"
31152,3553,"ΛΑΡΙΣΑΣ ΤΥΡΝΑΒΟΥ"
05084,2047,"ΑΤΤΙΚΗΣ ΜΑΓΟΥΛΑΣ"
19116,795,"ΘΕΣΣΑΛΟΝΙΚΗΣ ΤΑΓΑΡΑΔΩΝ"
47011,2463,"ΦΛΩΡΙΝΑΣ ΑΜΥΝΤΑΙΟΥ"
25009,7556,"ΚΕΦΑΛΛΗΝΙΑΣ ΑΡΓΟΣΤΟΛΙΟΥ"
05069,46124,"ΑΤΤΙΚΗΣ ΚΗΦΙΣΙΑΣ"
14012,174,"ΖΑΚΥΝΘΟΥ ΑΡΓΑΣΙΟΥ"
14014,196,"ΖΑΚΥΝΘΟΥ ΒΑΣΙΛΙΚΟΥ"
23007,3144,"ΚΑΣΤΟΡΙΑΣ ΑΡΓΟΥΣ ΟΡΕΣΤΙΚΟΥ"
23006,56,"ΚΑΣΤΟΡΙΑΣ ΑΜΠΕΛΟΚΗΠΩΝ"
23019,383,"ΚΑΣΤΟΡΙΑΣ ΔΙΣΠΗΛΙΟΥ"
19018,2764,"ΘΕΣΣΑΛΟΝΙΚΗΣ ΑΣΒΕΣΤΟΧΩΡΙΟΥ"
34005,986,"ΛΕΥΚΑΔΑΣ ΑΛΕΞΑΝΔΡΟΥ"
05111,6553,"ΑΤΤΙΚΗΣ ΠΑΙΑΝΙΑΣ"
12116,206,"ΕΥΒΟΙΑΣ ΜΥΤΙΚΑ"
05022,27348,"ΑΤΤΙΚΗΣ ΑΡΓΥΡΟΥΠΟΛΕΩΣ"
08010,10617,"ΓΡΕΒΕΝΩΝ ΓΡΕΒΕΝΩΝ"
08069,11,"ΓΡΕΒΕΝΩΝ ΦΕΛΛΙΟΥ"
08023,73,"ΓΡΕΒΕΝΩΝ ΚΑΡΠΕΡΟΥ"
30048,3348,"ΛΑΚΩΝΙΑΣ ΓΥΘΕΙΟΥ"
48042,895,"ΦΩΚΙΔΑΣ ΚΙΡΡΑΣ"
22002,12,"ΚΑΡΔΙΤΣΑΣ ΑΓΙΑΣ ΤΡΙΑΔΟΣ"
01142,672,"ΑΙΤΩΛΙΑΣ ΚΑΙ ΑΚΑΡΝΑΝΙΑΣ ΝΕΟΧΩΡΙΟΥ (ΜΕΣΟΛΟΓΓΙΟΥ)"
33009,326,"ΛΕΣΒΟΥ ΑΛΥΦΑΝΤΩΝ"
33053,254,"ΛΕΣΒΟΥ ΜΟΡΙΑΣ"
51025,173,"ΧΙΟΥ ΝΕΟΧΩΡΙΟΥ"
05117,2132,"ΑΤΤΙΚΗΣ ΠΕΝΤΕΛΗΣ"
05043,21345,"ΑΤΤΙΚΗΣ ΔΑΦΝΗΣ"
02001,197,"ΑΡΓΟΛΙΔΑΣ ΑΓΙΟΥ ΑΔΡΙΑΝΟΥ"
02020,1167,"ΑΡΓΟΛΙΔΑΣ ΔΡΕΠΑΝΟΥ"
02027,106,"ΑΡΓΟΛΙΔΑΣ ΙΝΑΧΟΥ"
02036,22,"ΑΡΓΟΛΙΔΑΣ ΚΟΥΡΤΑΚΙΟΥ"
02044,564,"ΑΡΓΟΛΙΔΑΣ ΜΙΔΕΑΣ"
05057,60958,"ΑΤΤΙΚΗΣ ΙΛΙΟΥ"
05088,17005,"ΑΤΤΙΚΗΣ ΜΑΡΚΟΠΟΥΛΟΥ ΜΕΣΟΓΑΙΑΣ"
21042,106,"ΚΑΒΑΛΑΣ ΜΥΡΤΟΦΥΤΟΥ"
21006,170,"ΚΑΒΑΛΑΣ ΑΜΙΣΙΑΝΩΝ"
21059,69,"ΚΑΒΑΛΑΣ ΠΟΔΟΧΩΡΙΟΥ"
21069,55,"ΚΑΒΑΛΑΣ ΧΑΛΚΕΡΟΥ"
21054,73,"ΚΑΒΑΛΑΣ ΠΕΡΝΗΣ"
44100,75,"ΣΕΡΡΩΝ ΝΕΟΧΩΡΙΟΥ (ΣΕΡΡΩΝ)"
37004,281,"ΞΑΝΘΗΣ ΓΕΝΙΣΕΑΣ"
